GA,Lowest,Q1,Avg.,Q3,Highest
0, -207.31607, -46.44053, -11.308767, 28.729248, 182.13281
1, -154.17688, -26.60273, 18.98027, 55.83577, 195.16367
2, -326.4449, -0.35433197, 32.06157, 74.99333, 181.96555
3, -591.3333, 16.887466, 50.29649, 82.75519, 221.50842
4, -146.4743, 39.493103, 78.53667, 111.610886, 379.82303
5, -82.886314, 44.81453, 92.443565, 134.02698, 325.10855
6, -50.679398, 51.913055, 99.01064, 151.84912, 305.29208
7, -89.40506, 77.59383, 130.75267, 176.43015, 510.94763
8, -106.18437, 94.17383, 139.33319, 176.94641, 321.95102
9, -68.612625, 103.26019, 152.39627, 204.64944, 400.0006
10, -63.260437, 100.09009, 158.73335, 216.15198, 352.78848
11, -197.3499, 121.58464, 172.04222, 224.41049, 327.54825
12, -146.44577, 144.65433, 192.75342, 244.27042, 366.39032
13, -331.88184, 157.52844, 218.99379, 284.6476, 1086.2411
14, -187.82755, 163.68756, 216.63597, 292.41943, 384.37762
15, -579.37146, 192.00641, 232.23396, 314.37424, 418.3725
16, -397.96127, 161.62979, 246.73166, 326.11807, 411.98364
17, -119.46064, 208.74774, 255.67365, 328.63916, 441.6449
18, -51.329002, 255.51498, 292.2612, 367.39337, 540.2919
19, -35.3621, 238.95093, 299.93454, 379.225, 628.2803
20, -15.586632, 284.32788, 320.05853, 394.22296, 640.4208
21, -38.981438, 184.76486, 298.41788, 398.9881, 793.13794
22, -64.490875, 248.91525, 325.35654, 413.0714, 620.4952
23, -77.52153, 207.25043, 319.5967, 420.68085, 736.05145
24, -92.46377, 300.5239, 362.64734, 440.6162, 983.2521
25, 42.034378, 257.1436, 361.03058, 432.05206, 970.89856
26, -33.262413, 224.88925, 355.25458, 444.3167, 859.40967
27, -163.0351, 228.956, 352.69052, 437.37073, 1010.21497
28, -81.30965, 227.97318, 336.15607, 432.54633, 804.4655
29, -336.74588, 196.20636, 352.82288, 449.28284, 1207.8662
30, -702.07886, 222.4357, 336.45325, 457.81348, 706.6813
31, -76.75479, 290.95764, 389.86514, 458.89874, 935.7805
32, -84.02736, 207.275, 364.2631, 465.44177, 916.96655
33, -88.55191, 259.3393, 391.7953, 490.4923, 1030.7659
34, -47.859467, 223.7084, 377.69974, 470.26202, 1222.7622
35, -0.15792847, 284.9418, 416.29745, 478.2926, 1252.798
36, -206.13234, 235.46875, 400.01505, 509.08716, 1344.3102
37, -237.74197, 214.35745, 367.90378, 489.84338, 1293.1149
38, -107.77876, 168.84772, 325.9647, 486.18152, 993.2715
39, -197.86153, 226.40161, 372.60565, 495.46857, 1102.6029
40, -10.545319, 244.78116, 446.02362, 568.0349, 1127.003
41, -42.29985, 176.87936, 364.59866, 484.40546, 1143.4636
42, -205.19052, 172.80603, 378.2586, 513.89435, 1214.527
43, -413.1459, 165.0459, 357.67337, 487.97522, 1684.9603
44, -497.7089, 132.74692, 365.83664, 591.0487, 1296.3473
45, -189.32776, 143.32315, 376.03387, 561.63635, 1341.4156
46, -420.09772, 126.00241, 322.9907, 508.3429, 1004.3711
47, -389.42, 129.16446, 317.1427, 481.28088, 1155.3955
48, -244.47745, 140.80771, 321.84293, 480.8659, 937.57153
49, -332.79837, 207.59985, 375.78738, 492.08563, 1291.5869
50, -314.6223, 153.82126, 352.15372, 479.62677, 1393.0985
51, -733.9845, 188.89056, 382.32785, 549.0597, 1202.6768
52, -410.80444, 167.72177, 387.76785, 560.04816, 1400.2548
53, -634.9707, 151.4805, 390.08264, 590.3269, 1307.1287
54, -575.8638, 138.54144, 395.40015, 643.4576, 1300.8273
55, -261.44107, 182.36002, 416.4741, 603.90894, 1118.5101
56, -1064.6208, 107.95204, 308.06097, 521.9141, 1130.277
57, -942.6829, 132.46368, 331.72763, 500.92792, 1371.0739
58, -500.46555, 147.32092, 400.52347, 678.4362, 1292.1433
59, -426.54727, 123.42793, 434.8122, 778.7747, 1315.3584
60, -135.8451, 198.33353, 530.09344, 806.64124, 1418.8561
61, -200.40608, 296.67807, 600.89667, 910.1969, 1350.2769
62, -323.09906, 286.6731, 657.9256, 951.1948, 1361.2554
63, -805.7631, 214.87375, 551.2351, 810.539, 1400.4174
64, -624.408, 220.63412, 511.67126, 790.9684, 1306.3794
65, -83.818436, 175.09625, 479.19226, 751.2739, 1545.9355
66, -388.46805, 215.5127, 511.16263, 812.2845, 1205.5077
67, -185.69969, 203.42746, 509.79495, 787.1442, 1443.8391
68, -184.74812, 158.6789, 489.41476, 744.1026, 1536.9521
69, -3.5899734, 157.04123, 473.89764, 658.0538, 1415.3679
70, -480.36118, 165.17245, 414.15015, 636.4266, 1458.9938
71, -497.07352, 173.15128, 446.6584, 677.4931, 1525.3721
72, -275.0689, 217.0506, 507.27835, 783.56757, 1455.0947
73, -48.816345, 209.68985, 540.7272, 792.02966, 1538.1227
74, -560.01904, 210.15875, 547.47064, 854.1377, 1390.1633
75, -95.813614, 256.68436, 588.1506, 865.42694, 1408.6367
76, -162.75723, 202.66599, 578.7236, 921.70886, 1505.8209
77, -299.0545, 246.4833, 604.826, 901.7202, 1722.8883
78, -153.25572, 282.2224, 634.86017, 950.34436, 1298.9788
79, -618.13904, 206.16672, 569.7134, 889.2133, 1762.1527
80, -494.617, 233.08224, 574.49005, 887.06195, 1745.7543
81, -318.28296, 163.88611, 478.33228, 720.6836, 1316.3816
82, -562.7235, 235.46158, 544.8975, 850.3863, 1386.9342
83, -158.98917, 158.52094, 519.17316, 732.91455, 1469.6034
84, -479.82672, 180.37592, 475.0269, 720.07776, 1328.9888
85, -690.6488, 164.03217, 498.5811, 805.24854, 1385.3284
86, -756.4273, 220.38614, 492.496, 746.94366, 1369.458
87, -246.18393, 182.21494, 519.1772, 762.7088, 1332.165
88, -551.98096, 228.10056, 537.2195, 833.27814, 1498.8143
89, -374.72058, 218.94089, 551.3053, 895.09955, 1520.3522
90, -779.321, 295.83878, 577.1027, 871.9356, 1504.8265
91, -632.901, 258.88715, 553.1474, 808.1224, 1404.5869
92, -882.4544, 214.05444, 564.4076, 843.68555, 1272.9381
93, -756.88904, 108.57202, 469.89124, 785.7559, 1309.5629
94, -596.61096, 166.93271, 483.97302, 746.98456, 1336.6617
95, -256.05197, 211.66812, 478.4076, 728.7889, 1264.037
96, -581.9462, 156.01611, 458.03778, 720.6663, 1302.8458
97, -588.3751, 213.80057, 532.6925, 776.5028, 1573.5696
98, -641.7252, 199.02072, 537.5756, 843.6222, 1288.7091
99, -59.760338, 218.1944, 539.6823, 797.6597, 1305.0197
100, -841.1377, 170.2016, 538.4938, 915.12646, 1276.711
101, -121.90763, 224.19547, 557.4535, 842.95856, 1550.0966
102, -546.77704, 148.76102, 484.5427, 857.8354, 1370.4489
103, -1177.8473, 141.13834, 437.91644, 700.6288, 1368.8517
104, -955.3436, 163.53317, 402.24112, 705.792, 1859.3885
105, -791.86975, 212.4313, 508.35458, 778.45996, 1345.7599
106, -588.40186, 218.05136, 519.25385, 821.4887, 1536.3497
107, -441.20444, 219.7431, 541.02466, 862.51715, 1608.942
108, -841.4139, 207.40271, 486.86743, 788.01996, 1559.35
109, -400.7707, 174.45776, 495.86612, 812.7026, 1312.3319
110, -276.76773, 139.56372, 411.10266, 660.3002, 1360.9305
111, -1111.4413, 106.549194, 374.18643, 679.88904, 1360.867
112, -558.7274, 125.77919, 456.46863, 792.7588, 1636.2498
113, -823.90875, 163.72995, 484.4604, 818.2684, 1378.357
114, -487.32544, 173.16959, 490.58896, 771.6208, 1425.671
115, -383.07654, 176.52597, 483.58716, 705.8868, 1639.8291
116, -627.58545, 192.91742, 511.78207, 793.10345, 1319.5826
117, -532.1344, 145.88596, 417.4863, 714.3964, 1329.8623
118, -914.4376, 185.80273, 502.6201, 774.5688, 1394.4227
119, -905.6896, 181.57248, 530.05695, 879.7176, 1630.5868
120, -446.48505, 163.27411, 485.7193, 836.4579, 1476.2867
121, -338.27887, 150.86636, 517.469, 808.2094, 1748.7393
122, -385.88712, 195.71313, 598.2929, 943.1415, 1594.6149
123, -673.7621, 177.23514, 492.01376, 793.11005, 1539.6118
124, -610.6903, 273.12103, 622.58826, 929.79004, 1506.1566
125, -521.52936, 159.23752, 560.62354, 936.011, 1526.0101
126, -1041.051, 134.77432, 540.363, 887.0369, 1633.4366
127, -902.2275, 137.95511, 453.68237, 797.04645, 1632.8291
128, -321.57697, 210.63199, 569.22076, 919.80115, 1679.8234
129, -855.6722, 172.59814, 548.9263, 906.28723, 1580.5262
130, -613.5835, 180.38818, 545.0283, 962.95984, 1446.2899
131, -641.0485, 256.57513, 657.0588, 1046.8151, 1523.3344
132, -714.8208, 225.36758, 603.3938, 984.6996, 1637.403
133, -765.6849, 269.3059, 644.2815, 995.4944, 1611.5192
134, -595.0668, 125.4335, 513.14667, 958.5886, 1538.2285
135, -455.2993, 251.55759, 623.0018, 973.03845, 2010.565
136, -225.99875, 305.92795, 663.4674, 948.4579, 1778.4921
137, -707.17554, 364.57825, 685.3738, 1046.4716, 1852.6035
138, -544.91675, 360.77444, 734.3572, 1151.9912, 1589.4186
139, -493.5704, 378.77512, 755.91174, 1144.7899, 1673.1044
140, -752.05975, 248.83505, 697.854, 1174.3408, 1574.8379
141, -956.1108, 136.94525, 607.8616, 1066.5953, 1673.5073
142, -457.74207, 297.09048, 744.86444, 1161.26, 1657.5992
143, -283.96832, 304.9782, 671.9375, 1060.2257, 1635.9528
144, -271.42285, 337.1359, 785.11053, 1163.0907, 1876.7865
145, -640.969, 527.69275, 792.92377, 1156.9779, 1694.9001
146, -771.05145, 300.77628, 773.3843, 1178.7383, 1676.7448
147, -679.70465, 273.67236, 699.40765, 1097.3923, 1640.9396
148, -550.9186, 223.47314, 681.1322, 1074.5636, 1579.0698
149, -609.5582, 412.4723, 765.0054, 1209.052, 1646.035
150, -396.82147, 336.36426, 793.62756, 1207.7306, 1833.4824
151, -515.0083, 249.37607, 688.1649, 1030.4435, 1751.5492
152, -241.0939, 367.74927, 772.784, 1132.6881, 1683.6371
153, -367.70642, 305.6781, 717.2024, 1135.2572, 1529.5328
154, -587.94495, 402.80756, 783.5506, 1131.9299, 1619.726
155, -292.62292, 432.47034, 851.2843, 1222.9615, 1806.9948
156, -594.89307, 342.2623, 761.0832, 1191.7145, 1816.9126
157, -161.22581, 280.19186, 728.2159, 1128.4347, 1631.858
158, -890.3258, 259.18576, 695.5521, 1130.2811, 1842.5104
159, -389.20352, 305.85742, 724.5261, 1107.0721, 1612.951
160, -381.8913, 228.35284, 666.1343, 1126.696, 1812.6025
161, -324.5335, 268.10892, 667.886, 1027.2548, 1615.8738
162, -607.0974, 314.65933, 689.5095, 1110.6277, 1746.5286
163, -733.0628, 274.9799, 717.4777, 1214.8674, 1649.2037
164, -820.3227, 382.15204, 787.00085, 1191.6565, 1687.1445
165, -678.9723, 229.89243, 662.0122, 1165.1486, 1726.4738
166, -513.38916, 253.80927, 694.2368, 1140.8213, 1811.8226
167, -450.62393, 261.08698, 717.6711, 1148.4291, 1656.4336
168, -474.1649, 493.34906, 805.6778, 1122.431, 1485.0128
169, -755.5957, 323.13406, 743.4431, 1198.7687, 1641.1344
170, -370.42065, 275.61844, 711.3066, 1110.0565, 1652.3536
171, -510.40933, 325.0813, 783.3044, 1226.3252, 1769.1791
172, -516.81665, 343.95135, 818.5198, 1269.3224, 1645.8424
173, -503.70004, 396.54108, 806.8184, 1194.8407, 1711.4178
174, -675.37634, 440.6101, 805.3989, 1267.6906, 1808.4966
175, -841.66455, 330.7762, 846.8756, 1301.5126, 1913.5143
176, -1241.5486, 353.82617, 851.5718, 1304.4019, 1777.902
177, -752.32947, 339.02347, 867.0902, 1345.9426, 1750.3966
178, -623.1731, 272.84186, 768.75555, 1224.7396, 1769.2784
179, -1024.5393, 220.28714, 681.24963, 1137.8851, 1674.9158
180, -898.4351, 182.1677, 699.342, 1193.1622, 1600.754
181, -1101.967, 242.30026, 750.3164, 1233.6075, 1630.3407
182, -782.14606, 290.7241, 749.267, 1204.6787, 1635.9528
183, -349.7796, 378.29398, 812.106, 1227.8912, 1640.2723
184, -683.1829, 327.53793, 726.5602, 1173.3241, 1801.0237
185, -650.78577, 344.83945, 714.3533, 1087.1006, 1912.4727
186, -553.4916, 195.85278, 642.15356, 1074.4485, 1870.9116
187, -495.24036, 212.03088, 664.3972, 1074.5549, 1724.7139
188, -781.651, 239.94516, 631.0643, 1035.5519, 1847.1167
189, -699.27167, 240.2114, 689.71954, 1045.7545, 1969.581
190, -374.44003, 268.1909, 739.9737, 1057.7562, 1634.7441
191, -1244.2904, 346.56363, 745.47076, 1194.1515, 1662.7272
192, -482.46744, 384.28534, 789.1947, 1209.569, 1584.2561
193, -809.7088, 256.4577, 726.45874, 1223.8428, 1894.7555
194, -144.41087, 480.13702, 851.83594, 1207.7203, 1874.1812
195, -959.00104, 221.9454, 681.71655, 1151.3663, 1739.3262
196, -589.24536, 414.1864, 780.68164, 1225.3385, 1687.244
197, -552.8602, 285.0554, 806.31604, 1214.0164, 1749.0205
198, -746.8294, 262.22168, 747.09296, 1220.5448, 1865.4088
199, -923.7481, 349.0666, 806.7042, 1280.7286, 1583.674
200, -684.4503, 424.38098, 860.89374, 1260.1643, 1735.2858
201, -576.7987, 341.44427, 880.7707, 1328.7626, 1987.7932
202, -234.7109, 338.87988, 822.25366, 1168.3434, 2079.8887
203, -1086.2751, 235.03696, 772.64, 1215.6904, 1884.4122
204, -1090.1279, 329.1083, 713.56366, 1143.7858, 1682.282
205, -623.871, 216.5156, 688.2049, 1156.2351, 1792.16
206, -252.71744, 247.02213, 706.37695, 1082.5078, 1724.2074
207, -877.08606, 296.32263, 721.79095, 1157.1682, 1726.8202
208, -754.30804, 277.68524, 715.44135, 1183.5897, 1686.471
209, -671.4879, 286.37808, 718.0486, 1137.5211, 1800.4541
210, -1030.7219, 302.53217, 733.18134, 1187.0038, 1600.3496
211, -500.59573, 303.23495, 763.5617, 1195.5686, 1848.1055
212, -380.29523, 508.35956, 847.8142, 1247.3138, 1879.379
213, -512.84814, 306.7842, 724.84875, 1120.5934, 1589.147
214, -454.39105, 331.5152, 765.609, 1161.4904, 1831.2526
215, -388.7181, 435.1214, 876.27264, 1296.6058, 1959.0286
216, -824.4617, 250.20126, 694.4358, 1178.2059, 1769.5997
217, -666.8066, 311.0253, 692.40344, 1092.3928, 1552.4875
218, -629.99286, 320.3461, 713.1434, 1130.2518, 1742.6776
219, -579.24695, 385.94867, 827.28064, 1246.2188, 1778.9658
220, -358.4126, 533.46783, 868.8375, 1201.8323, 1850.61
221, -538.6007, 596.8282, 892.8119, 1246.8549, 1808.7186
222, -58.145462, 453.72736, 889.93085, 1243.7723, 1664.5217
223, -1129.0845, 457.4881, 883.4614, 1276.7386, 1805.4852
224, -702.96, 369.402, 812.98376, 1217.4072, 1636.5519
225, -870.373, 535.03577, 931.937, 1348.2881, 1658.9478
226, -497.13544, 427.89783, 856.4617, 1240.5011, 1773.0278
227, -458.7352, 413.35437, 840.72974, 1257.879, 1672.9692
228, -779.46985, 488.88043, 892.7452, 1309.0242, 1764.3606
229, -996.10785, 669.71985, 962.1756, 1357.7715, 1734.7422
230, -1137.9834, 543.61993, 928.3948, 1304.7738, 1938.0706
231, -1113.3744, 582.53467, 926.0796, 1349.5427, 1769.4634
232, -678.69354, 252.08932, 814.0229, 1250.2823, 1702.6393
233, -322.76788, 436.52716, 895.86487, 1348.5878, 1707.143
234, -257.77707, 459.21588, 891.11633, 1308.5658, 1815.7415
235, -534.2, 581.432, 955.2532, 1399.3021, 1830.1006
236, -371.95505, 927.7025, 1063.3026, 1330.4305, 1699.1106
237, -814.541, 305.486, 835.6347, 1330.5311, 1821.2646
238, -300.36835, 401.97247, 909.2679, 1331.2299, 1686.4629
239, -903.8797, 653.98047, 971.2509, 1342.4456, 1772.1104
240, -942.1679, 444.15833, 944.97516, 1348.9186, 1904.6503
241, -504.47507, 194.49597, 780.82275, 1320.3046, 1801.0648
242, -251.78674, 426.3058, 855.51874, 1231.0624, 1733.2872
243, -146.06653, 404.41705, 906.50415, 1301.8057, 1876.5092
244, -488.46808, 377.71338, 874.5454, 1266.5026, 1813.8436
245, -469.15454, 231.39975, 891.67, 1301.5337, 1844.5267
246, -1206.5049, 211.51749, 751.9992, 1299.0834, 1861.1771
247, -547.19556, 447.79688, 873.90234, 1304.5814, 1866.0542
248, -493.39175, 325.81784, 822.9963, 1256.5822, 1791.0648
249, -487.98148, 263.18872, 831.3097, 1280.7861, 1752.3326
250, -603.48096, 270.19293, 860.58685, 1394.2456, 1794.525
251, -153.45313, 586.6307, 978.238, 1342.9263, 1675.6669
252, -268.2827, 393.2943, 851.3936, 1312.6278, 1808.484
253, -721.80927, 253.34018, 811.1594, 1302.4088, 1693.6157
254, -1179.4087, 402.60858, 874.4592, 1357.2672, 1939.7583
255, -616.72235, 334.1913, 779.6115, 1151.3164, 1794.4991
256, -984.9127, 266.09952, 680.0625, 1107.2175, 1802.208
257, -469.89267, 339.63638, 766.3868, 1126.6981, 1713.0057
258, -491.1831, 468.73322, 873.8622, 1230.0797, 1815.415
259, -1193.668, 498.7622, 857.1934, 1230.6527, 1802.2855
260, -607.6168, 484.91394, 832.5813, 1244.5834, 1634.4464
261, -769.2382, 222.4483, 699.0895, 1188.6952, 1573.6742
262, -436.78854, 358.22104, 787.5773, 1261.082, 1654.3507
263, -846.30804, 502.52423, 884.40924, 1223.6271, 1735.9583
264, -1136.0286, 485.84277, 828.6499, 1223.1252, 1635.5146
265, -541.5651, 300.87012, 761.8106, 1221.4514, 1654.4237
266, -683.827, 279.82397, 700.9225, 1116.0499, 1769.0583
267, -662.2959, 248.04672, 716.02313, 1164.4938, 1815.0752
268, -904.8286, 233.84015, 692.74396, 1169.9789, 1702.1392
269, -476.28708, 431.0688, 884.56714, 1220.7639, 1648.2588
270, -947.58234, 354.0599, 805.8819, 1204.3761, 1661.7668
271, -810.65674, 535.63184, 892.72034, 1251.3177, 1647.8561
272, -614.683, 384.73004, 825.40125, 1206.7312, 1965.4629
273, -508.82333, 432.57098, 900.4264, 1324.243, 1811.2736
274, -376.04004, 533.99396, 872.2566, 1307.8453, 1960.4341
275, -745.50836, 285.40942, 760.0966, 1204.9004, 1672.8096
276, -888.81537, 334.31064, 752.11304, 1155.8651, 1758.9948
277, -270.0882, 211.03583, 728.1185, 1154.3411, 1780.9873
278, -916.0816, 428.53882, 832.7807, 1253.9524, 1619.8085
279, -316.17255, 313.17056, 721.7592, 1132.8479, 1768.9858
280, -919.407, 527.436, 902.1364, 1345.183, 1882.5413
281, -1032.1873, 436.28442, 840.4311, 1221.1354, 1695.6859
282, -752.0779, 477.80634, 895.75116, 1271.782, 1695.5553
283, -420.85712, 438.91284, 827.2829, 1164.6698, 1771.0786
284, -743.1096, 274.7125, 793.28076, 1251.5215, 1828.7922
285, -548.3661, 340.82657, 807.42694, 1220.5054, 1722.1893
286, -306.19275, 332.56726, 757.0514, 1148.7968, 1911.4674
287, -309.28436, 372.50616, 810.00507, 1208.6882, 1566.2991
288, -563.52527, 340.98306, 852.7275, 1271.1637, 1553.1002
289, -835.91583, 462.5509, 821.32196, 1195.8132, 1767.3933
290, -588.8822, 445.4956, 841.159, 1223.9625, 1664.384
291, -527.1962, 330.59027, 787.0466, 1185.8226, 1609.6224
292, -559.0352, 253.30545, 773.2279, 1259.3666, 1831.7389
293, -1322.2942, 269.7347, 806.5192, 1288.5201, 1756.9052
294, -788.47125, 282.59998, 830.53, 1298.5875, 1971.343
295, -567.3319, 338.95508, 834.0698, 1296.3822, 1815.4092
296, -663.97595, 217.80365, 686.66266, 1149.2125, 1661.8666
297, -690.3726, 237.73416, 725.8801, 1130.9288, 1591.8131
298, -372.78534, 223.55103, 755.8191, 1240.0978, 1853.9027
299, -387.9811, 268.97665, 718.46674, 1128.0685, 1703.563
300, -517.83093, 298.78305, 761.86255, 1275.4087, 1788.3391
301, -596.3661, 375.16095, 811.51556, 1225.0028, 1877.6487
302, -744.11914, 266.4864, 765.386, 1281.6088, 1730.8057
303, -1102.5845, 342.3312, 827.21094, 1221.341, 1823.0537
304, -714.4667, 278.79575, 787.80365, 1323.7167, 1770.6783
305, -630.3478, 298.73282, 730.908, 1147.6232, 1710.7635
306, -261.99854, 373.7752, 835.07776, 1244.6602, 1671.607
307, -617.4404, 261.08633, 749.6873, 1306.4208, 1738.2012
308, -856.17456, 331.72934, 807.40283, 1251.8809, 1543.1346
309, -540.1022, 283.3273, 729.43475, 1204.8638, 1634.4645
310, -928.2041, 264.27158, 682.47144, 1138.114, 1698.4067
311, -676.8802, 358.21918, 759.344, 1239.4022, 1830.673
312, -562.48865, 521.2856, 841.04724, 1276.1073, 1794.4703
313, -1301.9562, 320.31195, 798.6065, 1226.6915, 1615.6438
314, -1157.8273, 239.77084, 669.6099, 1111.2911, 1798.875
315, -621.1073, 229.14828, 711.5801, 1185.7626, 1777.1869
316, -421.94824, 213.71365, 694.9216, 1113.9667, 1609.3385
317, -1162.587, 376.22424, 762.64734, 1178.4009, 1710.568
318, -748.4045, 235.15283, 725.25, 1127.9844, 1880.9146
319, -344.95273, 400.5287, 839.0568, 1252.4249, 1670.7909
320, -1307.1036, 251.47794, 739.598, 1209.3562, 1749.3773
321, -1377.4178, 443.221, 811.0006, 1205.8986, 1792.9629
322, -946.05927, 347.0563, 823.04834, 1278.176, 1802.6381
323, -705.5977, 435.8518, 833.93634, 1278.8826, 1718.6621
324, -480.33984, 354.0816, 813.33234, 1258.423, 1812.2584
325, -982.679, 286.92758, 778.6883, 1229.912, 1803.1578
326, -1275.2247, 261.06992, 772.1275, 1214.2053, 1846.925
327, -170.74297, 322.25342, 846.25635, 1262.1812, 1777.4081
328, -535.7656, 317.85367, 793.05664, 1230.6116, 1743.152
329, -1060.009, 313.57193, 783.4972, 1242.467, 1713.1453
330, -630.6111, 313.3809, 788.21295, 1233.2031, 1591.1398
331, -812.8846, 427.38806, 822.73096, 1203.6544, 1610.5963
332, -1159.8224, 296.8231, 769.9839, 1230.42, 1729.1154
333, -437.81094, 298.05725, 733.151, 1125.5858, 1634.5668
334, -372.9745, 460.85504, 831.408, 1184.7826, 1734.405
335, -758.17706, 282.2624, 746.01874, 1211.6206, 1654.0978
336, -737.24445, 307.53943, 751.1425, 1192.9572, 1797.3186
337, -477.97568, 315.8546, 692.2034, 1084.0983, 1618.4365
338, -649.498, 192.83328, 592.0342, 984.9269, 1632.1715
339, -353.34113, 215.63586, 598.2149, 949.6881, 1752.3251
340, -614.0239, 226.33154, 640.72, 1009.9779, 1504.6775
341, -160.314, 354.14786, 755.1778, 1055.108, 1798.1622
342, -346.14032, 258.07193, 717.1674, 1110.431, 1641.5438
343, -1231.494, 385.7893, 793.1099, 1178.5426, 1585.3701
344, -260.363, 417.5227, 831.2364, 1208.8485, 1682.6791
345, -514.4703, 616.1639, 933.4357, 1319.0446, 1808.7318
346, -700.5373, 345.3547, 796.93304, 1249.7155, 1796.4916
347, -169.34444, 393.5951, 859.38837, 1215.5557, 1702.0911
348, -290.76855, 280.7917, 756.9437, 1167.1754, 1774.1455
349, -429.093, 259.2631, 666.54236, 1106.931, 1558.2633
350, -780.8651, 265.27548, 698.819, 1097.5043, 1798.4252
351, -213.71173, 229.76343, 704.41705, 1151.2078, 1768.9435
352, -879.42804, 304.94592, 734.55444, 1177.6934, 1556.2333
353, -523.0419, 196.49957, 741.13116, 1196.2079, 1591.4287
354, -172.84953, 418.66162, 845.8945, 1230.2352, 1874.261
355, -902.4314, 424.2331, 883.8803, 1314.8762, 1719.7449
356, -552.73035, 276.794, 785.6487, 1203.5515, 1758.768
357, -300.91248, 467.62, 873.1819, 1207.3353, 1805.6572
358, -548.3052, 433.31696, 829.1047, 1191.988, 1655.6595
359, -1094.001, 400.8813, 867.58673, 1251.605, 1853.3846
360, -698.65436, 650.20087, 927.8524, 1246.8184, 1932.94
361, -506.33188, 382.59912, 885.15094, 1289.9313, 1676.3036
362, -1160.5676, 242.91202, 749.5082, 1182.4537, 1789.2521
363, -694.34283, 412.1883, 888.37427, 1317.6783, 1851.9359
364, -513.04034, 408.00403, 874.48694, 1275.574, 1986.3396
365, -365.64212, 494.85248, 912.85376, 1272.57, 1766.6952
366, -655.66394, 442.1764, 855.9764, 1300.9447, 1714.3541
367, -697.77527, 510.58105, 897.5296, 1313.8489, 1899.0247
368, -131.98613, 469.06525, 905.96173, 1298.1283, 1761.3802
369, -599.3638, 527.6581, 894.1071, 1312.1191, 1849.1426
370, -913.6999, 379.64926, 804.62744, 1259.1058, 1830.4247
371, -1191.9342, 368.41498, 881.87964, 1309.3926, 1901.1669
372, -431.35767, 331.0081, 791.9378, 1203.1631, 2023.8318
373, -325.31738, 351.7601, 804.1717, 1193.7462, 1836.1523
374, -218.71283, 458.873, 936.3555, 1389.7799, 1987.2512
375, -474.93433, 399.716, 918.8643, 1343.8695, 1876.9895
376, -1096.269, 372.5498, 854.682, 1290.3884, 1993.4868
377, -1117.4641, 283.59482, 838.59454, 1309.9028, 2023.5286
378, -1037.5195, 415.47223, 868.3122, 1327.1597, 1964.6665
379, -706.87225, 223.22025, 777.6283, 1356.1338, 2038.8608
380, -779.8657, 254.59897, 761.08545, 1213.9199, 1792.7382
381, -485.26282, 455.48688, 856.71857, 1314.3859, 1874.3779
382, -773.5615, 345.72986, 789.1093, 1228.7262, 1876.7294
383, -759.4535, 390.76062, 793.55804, 1200.2975, 1760.4172
384, -465.54483, 364.4314, 872.87213, 1306.443, 1802.4128
385, -943.34827, 399.69153, 774.6828, 1168.1042, 2027.9612
386, -301.7506, 320.97437, 819.4807, 1230.451, 1841.6807
387, -419.08948, 462.6524, 862.3995, 1283.4777, 1775.5641
388, -348.72247, 270.4318, 780.79205, 1228.4344, 1727.0284
389, -279.57474, 443.08105, 857.7427, 1236.6732, 1922.915
390, -401.21982, 395.5562, 837.5695, 1234.5106, 1711.2725
391, -166.19592, 465.9521, 911.4995, 1278.1514, 1719.1748
392, -274.0426, 390.1209, 852.4252, 1248.3317, 1681.7777
393, -142.84271, 376.51608, 857.43384, 1236.4359, 1752.9047
394, -594.26843, 597.03754, 908.82544, 1238.3573, 1548.1349
395, -411.71237, 555.8926, 936.9766, 1291.7554, 1907.9333
396, -267.96613, 590.53174, 953.4701, 1303.7937, 1670.3031
397, -242.23334, 425.54016, 908.58795, 1240.8613, 1856.5476
398, -348.14758, 513.5842, 946.3054, 1337.4357, 1694.0146
399, -531.4929, 677.0111, 901.12085, 1228.7406, 1780.826
400, -286.82745, 431.00787, 879.58545, 1277.8466, 1819.0687
401, -938.251, 387.24335, 826.1577, 1272.3492, 1744.5437
402, -593.9066, 623.73175, 961.71466, 1336.1521, 1834.66
403, -1257.8851, 449.9322, 824.1961, 1215.0557, 1709.4447
404, -421.8732, 333.0786, 810.89703, 1243.6064, 1860.704
405, -959.6297, 327.2522, 790.3725, 1170.3588, 1693.0637
406, -326.8708, 340.24707, 805.39954, 1235.9102, 1718.5433
407, -639.36707, 472.33972, 878.9009, 1299.3663, 1761.8561
408, -266.51013, 552.651, 897.4606, 1233.1018, 2044.8899
409, -315.8667, 308.99167, 833.34674, 1212.9834, 1945.9934
410, -1333.2646, 459.6576, 866.334, 1251.0809, 1742.7805
411, -26.0122, 389.81427, 905.79236, 1288.9277, 1871.1217
412, 47.441223, 577.93695, 938.75415, 1280.5527, 2005.98
413, -711.166, 548.34174, 953.53784, 1352.8258, 1755.8198
414, -208.10367, 540.3825, 937.577, 1313.2069, 2037.5393
415, -76.56694, 553.7568, 1000.60944, 1398.6354, 1809.377
416, -704.4976, 359.99188, 875.31213, 1277.9602, 2262.5083
417, -999.91693, 326.00488, 828.23987, 1273.8563, 1812.3861
418, -124.34229, 411.97833, 844.4875, 1169.1681, 1851.7396
419, -432.58566, 396.93, 817.5706, 1267.8502, 1900.5243
420, -1313.3795, 307.7449, 745.22186, 1155.6167, 1662.9415
421, -201.86426, 348.1537, 768.5543, 1146.5504, 1850.3131
422, -505.54404, 339.26395, 755.2975, 1126.1467, 1779.6007
423, -380.65872, 280.83694, 683.11096, 1062.0929, 2021.1545
424, -1141.219, 199.64096, 572.98724, 998.7024, 1632.8082
425, -658.7927, 196.50098, 647.8157, 1109.9879, 1756.8441
426, -136.98758, 448.79077, 841.87036, 1204.4034, 1744.0958
427, -510.10178, 256.09482, 766.21936, 1274.6655, 1798.1605
428, -309.29254, 313.19022, 815.6464, 1274.8303, 1893.9056
429, -310.6261, 256.5778, 851.9143, 1349.6594, 2013.2212
430, -798.6436, 326.57346, 870.0871, 1243.0731, 2117.8435
431, -801.4472, 329.75797, 844.3441, 1195.5986, 2015.835
432, -475.64026, 497.8141, 917.3783, 1387.8477, 1859.8137
433, -389.6325, 270.97153, 898.12756, 1305.5555, 2024.6626
434, -1064.1948, 597.6739, 1007.48315, 1403.9777, 2273.2244
435, -791.20325, 600.0728, 1034.7281, 1441.8821, 2186.3303
436, -1283.6041, 356.7053, 883.1266, 1363.8071, 2329.9817
437, -372.86133, 457.18768, 1002.87946, 1497.8729, 2108.4968
438, -538.1865, 598.7967, 1064.5968, 1559.4965, 2162.3723
439, -1160.3011, 418.7088, 1056.6073, 1606.1189, 2508.996
440, -690.74445, 696.25885, 1155.9144, 1642.862, 2207.7285
441, -1094.0679, 337.02075, 1139.2461, 1727.5205, 2333.3516
442, 19.578995, 1060.3483, 1355.0927, 1798.8824, 2192.2368
443, -1074.9526, 542.1377, 1204.0107, 1731.212, 2628.8242
444, -772.3708, 776.61957, 1233.7601, 1668.1028, 2370.9683
445, -424.4096, 549.12054, 1237.6184, 1820.0792, 2210.9216
446, -579.5383, 804.06934, 1343.922, 1810.884, 2424.9216
447, -505.90652, 763.19696, 1217.6088, 1820.4606, 2306.4001
448, -621.6106, 640.2226, 1264.6471, 1841.0839, 2434.0715
449, -660.9836, 528.159, 1258.3967, 1900.2947, 2371.6257
450, -177.47072, 952.7914, 1417.7009, 1912.4794, 2537.7053
451, -78.66203, 874.6302, 1305.2133, 1837.834, 2387.4158
452, 75.63275, 741.9754, 1361.7467, 1902.0325, 2383.004
453, -989.58234, 922.9022, 1405.4988, 1956.3135, 2523.0105
454, -170.98055, 788.85187, 1308.1508, 1813.757, 2340.2964
455, -478.16574, 918.40125, 1382.5325, 1871.1168, 2427.0583
456, -827.1665, 631.932, 1284.7583, 1851.0414, 2404.529
457, -554.1256, 673.8158, 1245.5806, 1759.4258, 2252.7163
458, -695.41254, 556.37006, 1255.8218, 1837.8025, 2344.6958
459, -544.7255, 971.5741, 1376.8884, 1945.0349, 2354.2266
460, -406.85202, 1223.3756, 1455.073, 1870.4095, 2325.7559
461, -1277.3763, 844.02716, 1354.7236, 1923.929, 2514.1765
462, -430.375, 973.194, 1427.7186, 1896.954, 2480.6082
463, -229.22931, 688.52637, 1364.723, 1975.325, 2421.2698
464, 23.259384, 959.6719, 1447.3997, 1940.0532, 2231.0898
465, -1302.4132, 884.2573, 1422.8862, 1970.2446, 2498.7905
466, -298.4923, 988.0077, 1400.2264, 1935.1272, 2368.2146
467, -80.024216, 909.417, 1370.1234, 1879.3668, 2336.2249
468, -216.15549, 828.33417, 1326.7783, 1883.0096, 2414.1985
469, -119.754616, 742.5368, 1287.2158, 1833.8768, 2456.9058
470, -560.4635, 503.59137, 1191.3942, 1811.8151, 2207.0896
471, -911.33856, 601.1579, 1196.0146, 1775.0156, 2478.7566
472, -725.2833, 695.12354, 1269.869, 1803.5564, 2270.7344
473, -92.06001, 543.4134, 1278.1268, 1946.9624, 2327.2983
474, -607.15344, 590.938, 1355.895, 1963.3542, 2531.1255
475, -437.2329, 631.31433, 1304.1494, 1843.7042, 2412.7449
476, -795.3487, 533.4494, 1253.8693, 1835.1901, 2314.9324
477, -390.05264, 858.2969, 1366.8694, 1866.4945, 2253.6663
478, -467.60382, 661.01074, 1262.8309, 1759.0165, 2277.735
479, -55.49154, 761.8565, 1209.0314, 1722.1289, 2263.7292
480, 11.620834, 869.31866, 1356.3733, 1845.2969, 2369.326
481, -570.5055, 1039.8037, 1366.9698, 1708.2522, 2467.361
482, -689.50354, 724.25055, 1269.0479, 1857.5331, 2348.9226
483, 19.616577, 750.89154, 1326.1981, 1871.288, 2461.5273
484, -292.401, 554.75745, 1252.1837, 1806.739, 2316.2065
485, -37.142113, 709.0605, 1372.2908, 1965.926, 2326.8186
486, -935.3467, 667.6093, 1297.2852, 1876.7101, 2336.6428
487, -484.71262, 988.8949, 1415.3542, 1944.8069, 2421.1746
488, -897.1087, 900.27637, 1281.8118, 1799.7196, 2525.7832
489, -610.69934, 805.32306, 1326.4803, 1888.4509, 2356.4978
490, -162.00069, 883.6578, 1371.625, 1849.9529, 2455.6582
491, -650.7398, 361.4625, 1037.4589, 1685.6495, 2310.0298
492, -286.4941, 619.68445, 1189.7612, 1779.7384, 2467.6736
493, -1593.4149, 540.719, 1106.1802, 1583.327, 2186.0525
494, -1237.9233, 524.01904, 1090.5833, 1728.9619, 2406.9338
495, -1151.6289, 753.3922, 1281.5487, 1819.1163, 2461.286
496, -1625.6742, 719.42444, 1306.2119, 1889.7472, 2370.3872
497, -480.4653, 504.49567, 1245.2848, 1854.0148, 2246.9668
498, -276.77783, 719.91675, 1277.8146, 1806.0101, 2280.6257
499, -1406.5289, 582.9898, 1175.9728, 1838.1176, 2268.2695
500, -1518.9337, 673.20667, 1243.0493, 1831.9822, 2413.9624
501, -137.94986, 1119.5592, 1487.5798, 1905.7075, 2461.036
502, -477.61484, 596.1731, 1271.2202, 1869.9803, 2394.7993
503, -1039.3574, 466.60577, 1208.7448, 1862.4622, 2364.5012
504, -228.07227, 647.0132, 1277.1653, 1875.906, 2386.339
505, -1313.8291, 687.56476, 1258.1798, 1802.2559, 2390.1814
506, 27.51802, 874.69293, 1387.8722, 1918.1912, 2418.468
507, -1842.3596, 480.88495, 1197.3673, 1844.2958, 2450.347
508, -770.5926, 506.7124, 1253.3556, 1896.4115, 2547.6584
509, -1176.7982, 746.2479, 1349.6989, 1905.3263, 2520.572
510, -618.9872, 915.0399, 1406.7961, 1986.5876, 2367.4578
511, -1467.3953, 672.7172, 1244.6292, 1848.5436, 2597.265
512, -949.00116, 1017.3508, 1360.9675, 1825.9531, 2360.056
513, -1502.387, 668.87933, 1223.5298, 1737.1559, 2143.4302
514, -1461.8177, 822.98114, 1268.4613, 1816.4094, 2435.838
515, -1429.0043, 673.23224, 1293.3827, 1934.6855, 2320.8677
516, -1294.0428, 567.9118, 1292.3314, 1951.0647, 2364.899
517, -1166.6006, 964.2081, 1351.9661, 1879.2433, 2330.7944
518, -421.4518, 843.60175, 1401.9927, 1882.1268, 2260.8162
519, -1548.3953, 687.34644, 1299.3872, 1835.3572, 2555.302
520, -1315.2218, 775.95654, 1187.2379, 1768.58, 2313.4885
521, -1114.1796, 617.9589, 1250.26, 1823.4669, 2399.2544
522, -1123.2593, 418.04456, 1197.0939, 1798.3524, 2453.7852
523, -301.07535, 622.3757, 1187.97, 1757.9622, 2360.5435
524, -1664.019, 941.432, 1368.0483, 1973.5684, 2394.5403
525, -278.2461, 942.1531, 1435.5201, 1992.4526, 2367.3816
526, -1097.3115, 555.2328, 1245.4927, 1873.7386, 2480.2183
527, -1439.8474, 488.3048, 1145.5426, 1739.9656, 2431.6038
528, -81.115746, 873.69086, 1405.8472, 1978.9092, 2396.8352
529, -1113.856, 704.5148, 1328.1726, 1949.3833, 2263.0313
530, -367.81482, 605.69305, 1320.3525, 1870.002, 2491.83
531, -57.208717, 616.2613, 1311.9927, 1877.7474, 2605.8982
532, -76.057755, 827.47, 1367.2017, 1791.4954, 2457.132
533, -968.4328, 674.72504, 1326.1853, 1900.2001, 2472.4336
534, -1425.1034, 690.6254, 1372.018, 2017.259, 2384.7712
535, -1204.5134, 616.06525, 1202.9867, 1833.518, 2263.3093
536, -1094.6025, 839.3664, 1222.9318, 1711.3672, 2384.1177
537, 10.667587, 925.63855, 1398.8452, 1875.9877, 2435.3582
538, -349.4661, 753.0412, 1414.8783, 1973.0515, 2438.15
539, -474.34055, 936.62537, 1378.4485, 1872.387, 2382.525
540, 147.77829, 1223.8285, 1502.7493, 1989.9897, 2479.7498
541, -284.71692, 1447.924, 1625.7008, 2079.1116, 2430.1765
542, -634.32275, 1156.5569, 1528.5486, 2082.767, 2507.2517
543, -514.8965, 995.68823, 1492.9604, 1964.9563, 2442.8206
544, -1236.0798, 1332.7303, 1596.5854, 2059.4202, 2521.8567
545, 38.213867, 1097.7482, 1597.657, 2081.2307, 2561.383
546, -545.37476, 1299.3275, 1541.8999, 1995.2576, 2422.934
547, -1039.125, 923.8943, 1433.1959, 1955.1052, 2395.7473
548, 229.64642, 1122.0184, 1551.2736, 1993.0996, 2470.365
549, -148.26382, 803.0667, 1433.8315, 1994.633, 2474.694
550, -915.029, 630.4477, 1383.6519, 1988.7544, 2388.9114
551, -1056.4725, 769.7812, 1327.5854, 1892.8704, 2569.8235
552, -1510.4629, 594.56287, 1337.0266, 1979.4475, 2384.643
553, 74.95276, 839.0711, 1431.7289, 1996.6428, 2369.1292
554, -1425.5514, 1004.68884, 1472.3677, 1976.283, 2552.535
555, -1266.222, 1190.1405, 1464.3098, 1999.8687, 2351.094
556, -660.1791, 598.621, 1286.1282, 1918.5049, 2433.9778
557, -1275.2474, 867.597, 1442.4572, 1997.918, 2472.1836
558, -124.29649, 698.1904, 1358.8586, 1907.3793, 2499.1067
559, -1121.2006, 950.42554, 1437.3118, 1940.3269, 2401.23
560, -1180.4454, 652.228, 1335.5759, 1921.9866, 2430.61
561, -1007.62103, 666.05914, 1312.3746, 1897.182, 2394.177
562, -1401.5358, 664.7974, 1246.2888, 1900.6941, 2447.4587
563, -106.41392, 626.3545, 1331.6909, 1874.4841, 2283.7273
564, -449.32864, 705.13245, 1323.6017, 1864.0126, 2332.5867
565, -453.94424, 908.504, 1424.9858, 1969.2502, 2512.804
566, -478.56436, 843.1214, 1403.4006, 1885.3563, 2620.2922
567, -1371.3229, 770.59326, 1413.1776, 1972.4084, 2392.4648
568, -966.04974, 694.20966, 1336.2784, 1879.6261, 2330.2617
569, -1328.3802, 894.50116, 1341.9409, 1982.2388, 2401.0876
570, -18.730972, 584.232, 1260.0496, 1885.6145, 2446.644
571, 93.479904, 717.7681, 1323.9865, 1904.2487, 2504.813
572, -26.72445, 809.63715, 1422.0082, 1977.7725, 2477.795
573, -211.9786, 560.34656, 1214.956, 1960.9517, 2362.9272
574, -915.2985, 739.64716, 1348.7261, 1943.1257, 2373.353
575, -1399.7076, 853.1798, 1386.4719, 1909.7206, 2402.0017
576, -364.85928, 944.1339, 1430.0413, 1982.5891, 2535.4214
577, -1291.8561, 785.34894, 1324.9745, 1901.3398, 2706.193
578, -59.48739, 599.2422, 1387.2731, 1984.1526, 2393.1191
579, -581.3313, 599.5125, 1336.4777, 1958.8542, 2549.074
580, -64.01779, 912.277, 1390.6344, 1976.894, 2427.22
581, -1185.7933, 517.3024, 1291.2156, 1862.4716, 2456.6047
582, -837.91437, 809.5727, 1305.218, 1897.3899, 2350.8928
583, -478.54858, 556.0162, 1285.7181, 1958.6147, 2332.0403
584, -2.1221771, 1062.7943, 1492.3024, 1980.0286, 2432.9988
585, 32.18782, 612.8099, 1286.3403, 1833.6359, 2395.0867
586, -121.228645, 937.5587, 1439.1852, 2016.1411, 2431.6035
587, -715.8822, 981.07263, 1474.0543, 1985.4153, 2516.4773
588, -902.042, 726.733, 1346.0448, 1911.0958, 2287.8782
589, -376.87817, 816.32697, 1412.1781, 1935.0474, 2441.7463
590, 18.459427, 843.95935, 1492.5127, 2003.4717, 2532.4114
591, -810.41394, 974.57544, 1467.3059, 1974.2339, 2487.3804
592, -34.033485, 986.86926, 1456.8586, 1897.5222, 2383.7566
593, -232.81001, 1035.0112, 1472.4653, 1993.052, 2556.8481
594, 31.029022, 1286.6594, 1547.6367, 2032.696, 2415.2498
595, 176.91699, 816.7039, 1441.8491, 1903.3099, 2447.5378
596, -307.9463, 734.36395, 1352.4639, 1938.9377, 2450.5964
597, -1244.75, 589.28876, 1257.0559, 1905.0371, 2363.6294
598, -1692.6415, 645.80115, 1224.8751, 1844.6549, 2450.149
599, -27.990395, 762.2761, 1412.7467, 1904.483, 2270.0781
600, 14.903275, 788.4712, 1406.2177, 1937.3792, 2496.5413
601, -948.24054, 932.39636, 1403.9719, 1882.4509, 2239.2
602, -160.85593, 576.55225, 1326.9834, 1931.2852, 2603.7625
603, -1688.093, 384.96204, 1092.4517, 1859.4504, 2589.9941
604, -1380.7913, 380.12967, 1012.8769, 1647.9386, 2594.268
605, -832.359, 644.3877, 1219.0406, 1805.7434, 2342.852
606, -161.93922, 384.4428, 1206.736, 1870.6189, 2342.5115
607, -677.4043, 722.6917, 1369.2947, 1999.4604, 2449.8455
608, -88.4984, 921.62854, 1377.7198, 1880.3113, 2500.1995
609, -619.9403, 437.0501, 1322.4786, 1932.8599, 2304.4788
610, -466.5388, 666.22205, 1258.1714, 1810.0813, 2297.5955
611, -124.04059, 850.06744, 1404.5765, 1931.1118, 2484.5852
612, 9.925934, 786.9174, 1398.157, 1964.5725, 2514.5332
613, -568.3506, 1072.0992, 1531.7155, 2099.9434, 2520.268
614, -768.64856, 1228.6272, 1538.9194, 2056.3113, 2399.9006
615, -207.69408, 798.7687, 1390.0376, 1945.2278, 2427.371
616, -508.75797, 993.9343, 1471.9586, 2011.0276, 2374.1106
617, -1315.952, 1083.2338, 1437.5442, 1918.5647, 2414.9143
618, -213.07104, 1004.6395, 1465.0741, 1925.9019, 2398.2102
619, -1064.1069, 871.4912, 1408.4274, 1925.6497, 2605.3796
620, -561.4804, 775.74316, 1406.2214, 1959.2607, 2375.8523
621, -197.83743, 954.3467, 1468.164, 2033.468, 2557.8206
622, -174.09767, 1009.2355, 1437.2808, 1942.2488, 2492.0876
623, 35.5941, 1132.7726, 1481.6128, 1938.6321, 2458.8638
624, 186.66766, 1245.543, 1552.1139, 2044.5493, 2589.0903
625, -204.25752, 817.30615, 1463.1503, 2054.5798, 2518.863
626, -863.8959, 1023.0165, 1518.739, 2144.5183, 2495.5774
627, 83.05751, 969.38184, 1505.6841, 2030.4106, 2420.9263
628, -40.92449, 1159.425, 1515.6691, 1972.6384, 2511.0496
629, -1180.1672, 622.28534, 1325.7192, 1972.8674, 2427.6345
630, -1602.9802, 537.01624, 1375.1167, 2043.5239, 2642.8513
631, -686.11993, 1128.2946, 1527.5448, 2052.5037, 2534.6902
632, -808.9393, 989.80164, 1515.8894, 2069.366, 2560.1892
633, -1085.5479, 741.0478, 1473.7251, 2053.886, 2536.5652
634, 198.43796, 1303.8207, 1632.7052, 2100.4106, 2626.399
635, -120.44845, 1196.0358, 1621.3347, 2092.1284, 2585.8674
636, 71.24353, 1257.5311, 1574.4471, 2036.9746, 2487.0938
637, -949.1929, 1354.4652, 1677.0563, 2158.3345, 2686.459
638, -863.73016, 861.49347, 1563.8992, 2088.8943, 2542.0833
639, -890.164, 1247.4431, 1590.2103, 2098.184, 2418.498
640, -494.94473, 1294.8251, 1585.4393, 2017.3772, 2582.098
641, -914.26654, 822.1845, 1431.6765, 1969.3982, 2475.3691
642, 12.991409, 680.59894, 1368.8705, 1997.0422, 2431.1257
643, 50.320007, 985.51733, 1464.212, 1966.925, 2436.2095
644, -127.625725, 846.3583, 1412.7527, 1990.1343, 2467.558
645, -1350.6807, 647.872, 1347.2957, 1962.4937, 2477.968
646, -809.98065, 810.4159, 1363.0122, 1874.633, 2449.7063
647, -142.82498, 1126.4567, 1537.4714, 2030.2925, 2636.836
648, -946.4245, 835.61774, 1414.8181, 1919.1155, 2574.6404
649, -82.98654, 605.7687, 1327.1837, 1949.8843, 2270.6978
650, -4.9591904, 695.2116, 1455.0731, 2093.7917, 2519.943
651, 115.66475, 1090.6917, 1537.7339, 2033.4922, 2609.4143
652, 74.56267, 1068.1951, 1490.7697, 2019.8506, 2473.7405
653, -1641.234, 937.8041, 1505.4371, 2059.4036, 2682.3064
654, -943.1287, 873.4489, 1467.8207, 2020.3542, 2579.075
655, 55.224106, 1066.2134, 1600.603, 2131.155, 2517.5723
656, -703.0766, 1088.7483, 1575.6433, 2155.3325, 2746.7817
657, -682.72253, 1094.3627, 1500.2205, 2021.3601, 2603.171
658, -1235.9182, 988.6509, 1478.7554, 2026.7949, 2477.054
659, -1402.2936, 803.7735, 1406.3684, 1985.0632, 2406.3381
660, -1281.7306, 413.5724, 1292.7471, 2047.2634, 2711.3616
661, -529.4249, 537.5986, 1221.4059, 1768.9902, 2331.2173
662, 134.07242, 739.1692, 1375.0491, 1846.3871, 2492.677
663, -1319.5872, 705.99066, 1301.8313, 1961.888, 2500.3926
664, -247.7232, 633.11536, 1328.4117, 1921.3118, 2504.4343
665, -204.3352, 699.8287, 1438.9978, 2024.4172, 2435.6323
666, -424.1875, 989.6033, 1463.5256, 2072.8694, 2572.0566
667, 77.400314, 947.68665, 1479.4814, 2065.1033, 2441.9622
668, -1438.2213, 648.55035, 1381.5685, 2133.5203, 2480.1716
669, -956.4062, 581.3501, 1276.0864, 1974.5342, 2453.8992
670, -1007.97015, 388.13757, 1189.9532, 1864.3446, 2569.6462
671, -200.23666, 726.79803, 1444.7625, 2019.323, 2494.7349
672, -1136.3799, 693.1326, 1383.1975, 1974.9946, 2478.927
673, -158.1293, 927.181, 1446.1658, 2028.3599, 2661.6157
674, -1215.4962, 876.7898, 1401.3788, 2004.3845, 2494.3054
675, -62.348022, 408.84967, 1216.5157, 1879.7191, 2470.4646
676, -130.5478, 629.1762, 1327.8822, 1933.981, 2452.1575
677, -952.8475, 751.27155, 1352.2936, 1923.6028, 2550.2039
678, -1043.3994, 765.3369, 1303.3435, 1901.8268, 2340.9888
679, -1618.3196, 740.8711, 1260.7662, 1883.3773, 2453.7056
680, -1325.3939, 818.861, 1342.0625, 1871.8955, 2305.5457
681, -249.56805, 804.9613, 1364.9341, 1971.0332, 2428.9885
682, 28.552902, 715.8714, 1312.168, 1820.9325, 2446.1035
683, -888.97784, 758.4655, 1367.3171, 1916.3352, 2607.7434
684, -163.69305, 665.7025, 1347.3096, 1941.71, 2336.9045
685, -1126.3274, 590.35785, 1293.7385, 1826.8513, 2467.7332
686, -766.14703, 660.2167, 1293.346, 1929.2585, 2331.0876
687, -613.2566, 768.6373, 1395.1659, 1955.4841, 2440.8572
688, -1203.6744, 962.01965, 1411.4973, 1975.4324, 2482.4187
689, -965.8896, 833.27655, 1408.0718, 1997.7507, 2621.2964
690, -23.486023, 1222.674, 1476.6294, 1888.1381, 2449.7012
691, -1668.8695, 744.90283, 1317.8322, 1852.5255, 2372.05
692, -796.50287, 713.3378, 1365.3868, 1940.8904, 2553.9055
693, -1114.3872, 974.609, 1363.4722, 1946.4512, 2449.0396
694, 63.642014, 444.45648, 1164.4364, 1773.0353, 2440.173
695, -783.66327, 567.2057, 1142.0597, 1737.6785, 2560.8518
696, -605.2031, 551.7599, 1226.6091, 1825.9978, 2495.985
697, -1295.3375, 455.03265, 1165.6378, 1773.1522, 2396.2954
698, -888.34326, 809.8977, 1284.5713, 1833.3185, 2540.4546
699, -1069.6196, 790.43317, 1306.7229, 1831.0916, 2554.7954
700, -1133.9021, 775.0727, 1338.6466, 1868.3875, 2429.2578
701, -335.9325, 662.2988, 1311.4248, 1861.8154, 2475.8552
702, -770.4532, 480.54852, 1265.6722, 1936.8989, 2475.1958
703, -1688.2716, 458.72156, 1206.1396, 1845.9559, 2622.0356
704, -437.6941, 819.30975, 1312.6517, 1833.009, 2480.1057
705, -1164.0338, 724.4076, 1268.0199, 1854.5332, 2355.3796
706, -1205.9083, 393.03937, 1082.6963, 1707.156, 2799.287
707, -708.4779, 448.91028, 1092.4979, 1721.289, 2395.238
708, -1822.6962, 653.143, 1089.6472, 1673.3738, 2328.1738
709, -291.39917, 401.08185, 1066.1848, 1632.0344, 2401.3538
710, -1340.9467, 641.7397, 1162.0889, 1677.43, 2379.5334
711, -434.50116, 573.6353, 1186.9847, 1768.7645, 2484.7546
712, -1465.3156, 591.2829, 1158.8627, 1711.9279, 2424.9004
713, -853.89923, 583.6714, 1166.726, 1722.5211, 2648.9724
714, -1265.0978, 636.12823, 1113.3364, 1677.533, 2543.9993
715, -943.103, 427.5843, 1031.9407, 1682.2045, 2239.6074
716, -116.06192, 625.3639, 1268.062, 1875.4854, 2714.406
717, -697.7756, 713.1393, 1195.8185, 1706.0306, 2490.0242
718, -1006.148, 495.46124, 1115.1377, 1815.3256, 2346.2524
719, -1348.209, 493.0473, 1114.5691, 1815.7067, 2493.7722
720, -469.9064, 396.17023, 1111.4261, 1665.9335, 2563.6997
721, -1052.9568, 388.58893, 1146.9312, 1793.3861, 2537.593
722, -971.3549, 444.19745, 1118.4441, 1710.859, 2508.273
723, -423.29462, 366.99057, 1198.1079, 1857.2433, 2638.6245
724, -638.5906, 501.9842, 1158.6499, 1809.8701, 2287.4949
725, -332.1353, 558.9603, 1276.7853, 1832.8073, 2438.6355
726, -1005.7043, 819.90936, 1355.0286, 1937.3342, 2442.1675
727, -1.7868805, 686.26764, 1321.1318, 1916.5206, 2334.7573
728, -1026.3938, 466.6942, 1171.532, 1798.2291, 2667.2344
729, -1617.1713, 769.48926, 1285.5681, 1891.997, 2501.927
730, -929.99005, 657.47626, 1194.1307, 1798.5822, 2397.5452
731, -736.23956, 707.7321, 1383.7186, 1927.5132, 2566.7039
732, -735.1172, 871.4185, 1351.0535, 1875.301, 2493.1362
733, -1321.6514, 599.47363, 1263.5323, 1848.089, 2532.619
734, -801.07184, 682.3682, 1344.9296, 1996.9221, 2479.7617
735, -374.55933, 496.3239, 1238.7819, 1868.5948, 2453.5222
736, -1498.6073, 992.59705, 1448.0917, 2005.6355, 2432.3806
737, -285.69757, 758.0286, 1367.9828, 1923.145, 2488.7356
738, -551.01733, 1039.564, 1472.9371, 2022.1653, 2402.2537
739, -801.0522, 528.0412, 1172.9153, 1830.8156, 2267.2402
740, -980.9868, 469.81964, 1245.292, 1899.171, 2454.9253
741, -507.15744, 475.3565, 1264.0507, 1944.6934, 2370.061
742, -274.59802, 703.62354, 1325.5548, 1889.6637, 2442.1584
743, -1428.7084, 525.41534, 1248.8652, 1876.6605, 2490.0642
744, -162.5284, 705.29626, 1390.7332, 1982.6189, 2459.2683
745, -306.79755, 851.3614, 1365.4608, 1877.2135, 2431.6194
746, -1665.8378, 613.99805, 1199.3154, 1815.0334, 2426.5266
747, -989.90137, 373.12643, 1093.5305, 1809.6958, 2353.1035
748, -861.16595, 450.25, 1143.68, 1820.723, 2388.5796
749, -609.0254, 383.32327, 1124.764, 1788.8671, 2437.2769
750, -937.4583, 445.67517, 1109.826, 1806.2002, 2441.6423
751, -959.8729, 604.945, 1179.1068, 1772.0631, 2532.6038
752, -1475.5946, 392.5304, 1077.3004, 1702.5944, 2291.5764
753, -1108.6035, 449.1549, 1144.0665, 1802.633, 2447.3848
754, -883.14124, 398.14478, 1170.7606, 1865.081, 2459.5945
755, -629.0071, 417.70215, 1169.9807, 1773.9833, 2389.911
756, -1289.2078, 550.50555, 1137.9703, 1781.082, 2423.879
757, -932.91797, 641.86395, 1233.4868, 1773.1768, 2357.653
758, -1540.4008, 436.1386, 1225.3623, 1873.7382, 2418.23
759, -841.27997, 597.0505, 1261.4258, 1861.1719, 2533.9878
760, -822.08606, 800.98627, 1332.6464, 1929.5867, 2380.0144
761, -1165.5541, 1045.037, 1428.366, 1957.8704, 2586.4468
762, -419.28546, 656.79175, 1383.7067, 2003.3442, 2397.834
763, -393.28036, 676.7674, 1419.2594, 1980.6909, 2624.8484
764, -767.8003, 458.73108, 1234.7699, 1979.0186, 2350.0737
765, -1.7668686, 871.9216, 1421.8947, 1982.281, 2405.322
766, -137.2712, 953.84973, 1464.0062, 1995.7673, 2533.4658
767, -375.15106, 760.7259, 1346.2443, 1899.171, 2538.1018
768, -307.37048, 801.97314, 1337.8132, 1929.9895, 2556.2388
769, -1304.5928, 745.72516, 1345.7714, 2004.8816, 2351.0469
770, -1274.6038, 682.44464, 1374.3639, 1954.6438, 2599.3298
771, -251.80199, 918.8502, 1429.3722, 1970.1211, 2395.2595
772, -178.04663, 1091.9318, 1543.7292, 2080.9128, 2388.057
773, -342.15686, 691.8707, 1334.9048, 1977.4204, 2399.9333
774, -692.9633, 722.3255, 1425.6859, 2082.9905, 2518.5999
775, 109.82973, 1080.7795, 1499.9308, 2005.2556, 2540.8284
776, -308.74084, 1194.129, 1519.6552, 1995.9146, 2375.9622
777, -1334.1744, 1053.5022, 1559.1151, 2093.8662, 2668.9822
778, -143.72704, 917.90454, 1529.1505, 2113.656, 2643.6345
779, 58.846756, 1490.8807, 1692.7153, 2075.161, 2559.7463
780, -956.6936, 1008.66125, 1468.1622, 2040.2866, 2446.7349
781, -397.8834, 1043.5045, 1519.8629, 2074.6274, 2555.159
782, -603.5421, 1166.968, 1564.6217, 2104.3171, 2528.6733
783, -168.37929, 774.44727, 1415.1846, 1979.156, 2449.5657
784, -1050.9182, 893.2507, 1493.9834, 2063.7585, 2554.1543
785, 53.33522, 1179.6891, 1595.7628, 2056.4973, 2617.3665
786, -694.3204, 1176.8146, 1481.317, 2001.7124, 2341.4524
787, -108.81653, 1123.7688, 1526.1676, 2096.315, 2520.7322
788, -760.9556, 850.9044, 1454.9565, 1991.7366, 2463.7642
789, -1046.1626, 941.29675, 1404.0269, 1895.5187, 2470.3403
790, -631.32263, 1281.5143, 1547.6067, 2075.524, 2565.9253
791, -906.9909, 721.69904, 1343.8601, 1967.6177, 2577.7014
792, -301.3969, 767.4943, 1506.0944, 2069.577, 2623.3906
793, -1419.879, 723.94635, 1283.2771, 1945.8696, 2425.195
794, -1379.587, 858.39886, 1408.0114, 1997.3315, 2480.5554
795, -1179.1295, 1117.3925, 1550.38, 2088.5034, 2511.5002
796, -1358.2487, 845.9884, 1436.9851, 2022.425, 2517.7102
797, -524.9717, 842.62286, 1496.4723, 2060.6992, 2537.0906
798, -296.41022, 1242.6989, 1583.3634, 2083.5588, 2754.9927
799, -1429.0514, 1252.056, 1476.3997, 1979.6194, 2540.93
800, -510.16666, 700.499, 1415.2695, 2001.6296, 2570.4783
801, -1124.5132, 733.92255, 1426.5306, 2012.7319, 2513.5493
802, -103.7961, 802.7336, 1454.8717, 2003.8301, 2464.5164
803, -832.87537, 1268.2256, 1592.6094, 2066.8352, 2518.4963
804, -884.1875, 1169.5778, 1528.0618, 2071.2993, 2643.9434
805, -1518.2948, 1142.2373, 1533.4882, 2080.7175, 2492.3062
806, -824.14856, 774.7047, 1346.2137, 1978.2075, 2463.7112
807, -968.9452, 1055.8455, 1508.8336, 2054.0405, 2490.596
808, -943.83386, 835.2644, 1436.071, 1937.5728, 2593.9119
809, -97.691475, 789.34576, 1436.4589, 2016.5918, 2543.6423
810, -1124.0745, 971.5276, 1470.0024, 2040.1548, 2607.678
811, -1333.596, 1171.1476, 1544.2985, 2079.103, 2593.2134
812, -243.05896, 994.4144, 1539.703, 2098.239, 2440.8657
813, -620.75616, 1017.06714, 1532.9282, 2071.6135, 2448.8386
814, -694.8585, 1201.0369, 1538.5005, 2043.9114, 2543.7751
815, -878.4317, 906.6389, 1449.5775, 2051.758, 2482.952
816, -140.92638, 877.15265, 1502.5144, 2102.0715, 2451.0925
817, -772.87225, 908.24023, 1466.1321, 2112.5833, 2564.5334
818, 13.833115, 912.7991, 1513.9788, 2046.4353, 2543.6294
819, -188.57433, 894.513, 1553.9806, 2121.522, 2528.839
820, -506.5813, 798.018, 1505.4196, 2094.0457, 2689.4526
821, -874.848, 534.83704, 1409.4103, 2080.2883, 2501.9517
822, -205.63507, 729.0288, 1465.7747, 2145.899, 2598.3774
823, -169.30977, 853.15094, 1504.116, 2047.896, 2611.098
824, -367.43182, 973.5293, 1551.7202, 2091.5513, 2570.8235
825, -663.3537, 1040.3721, 1488.9515, 2072.1465, 2663.7185
826, -210.37839, 1195.5413, 1558.6105, 2084.112, 2436.7927
827, -665.40265, 913.7184, 1407.9117, 1991.8977, 2567.0168
828, -935.3431, 1116.8044, 1558.6343, 2083.714, 2469.5696
829, -44.77832, 1187.4705, 1592.0414, 2057.1763, 2716.4917
830, -329.3346, 1360.5404, 1669.8015, 2157.2468, 2524.2825
831, 63.63481, 1456.1143, 1741.3988, 2179.5964, 2726.0496
832, -798.9372, 1080.2949, 1556.7483, 2080.1516, 2489.4297
833, -565.9348, 1465.7284, 1708.7965, 2157.562, 2591.8862
834, -474.99704, 1297.9915, 1672.3649, 2224.7637, 2744.4316
835, -189.82361, 1156.2238, 1584.932, 2110.6943, 2716.73
836, -262.1543, 1116.3461, 1620.295, 2145.8206, 2541.7305
837, 160.97397, 1422.323, 1689.2511, 2097.339, 2549.593
838, -357.66058, 1554.8278, 1727, 2187.8164, 2573.6838
839, -72.94975, 1163.6063, 1627.6201, 2174.1287, 2484.1147
840, 110.87146, 1220.6523, 1652.989, 2115.2605, 2594.2085
841, -1166.2667, 927.62585, 1474.2098, 2091.4358, 2556.35
842, -50.30417, 1030.7166, 1539.9784, 2154.717, 2686.0747
843, -358.73877, 1214.9967, 1640.5928, 2173.67, 2590.5293
844, -488.04153, 1160.1284, 1621.9075, 2129.575, 2689.69
845, -320.68964, 1098.2736, 1587.3428, 2128.1116, 2542.6914
846, -1214.2448, 1239.0248, 1678.6321, 2210.2976, 2737.3262
847, -561.54456, 1219.7374, 1632.4259, 2172.6365, 2626.7856
848, 98.21205, 1044.7943, 1580.9507, 2183.8757, 2560.5298
849, -1031.773, 1255.8329, 1671.4106, 2182.2222, 2697.493
850, -119.66984, 1127.1733, 1600.455, 2191.8062, 2479.3357
851, -235.00218, 1369.6354, 1703.9415, 2162.4324, 2463.3435
852, -865.09814, 1467.1702, 1691.6101, 2196.0286, 2685.1108
853, 48.02397, 1543.6655, 1769.1531, 2125.537, 2631.933
854, -320.47504, 837.0976, 1543.8132, 2132.9275, 2691.5059
855, -1043.5306, 1539.6913, 1756.3213, 2161.7124, 2622.5823
856, -12.233826, 883.8239, 1568.5945, 2172.1113, 2568.4685
857, -725.7562, 780.202, 1434.2388, 2077.9587, 2535.8167
858, 48.987167, 663.3379, 1424.4801, 2067.3613, 2459.1255
859, -367.5961, 1043.4733, 1519.057, 2083.7441, 2528.0095
860, -333.96497, 693.2193, 1428.8811, 1982.4548, 2580.9976
861, -625.00977, 1357.3978, 1565.8997, 2015.9719, 2612.6243
862, -801.8323, 1355.7362, 1663.0149, 2126.2976, 2622.0977
863, -166.16183, 1132.532, 1660.9077, 2154.1555, 2608.3547
864, -304.4652, 975.1041, 1522.3947, 2074.7083, 2734.5547
865, 96.31644, 948.8889, 1586.5144, 2117.6836, 2540.5825
866, 56.696213, 1199.8737, 1565.8811, 2062.6707, 2458.045
867, -1149.9572, 863.4964, 1509.4677, 2120.325, 2597.7153
868, 47.788406, 950.9271, 1483.0941, 2034.4102, 2480.5286
869, -525.2184, 1233.9932, 1605.4982, 2174.824, 2588.66
870, 81.88872, 1364.6803, 1668.2668, 2152.6116, 2552.9373
871, 33.560867, 1335.8317, 1624.5345, 2121.7715, 2548.0767
872, 75.86134, 1024.0138, 1595.8002, 2125.0256, 2603.925
873, 88.443726, 884.0367, 1536.3264, 2050.148, 2418.2583
874, -35.981384, 879.51544, 1528.0089, 2073.127, 2626.2363
875, -120.52243, 1108.8939, 1648.7421, 2212.927, 2602.9514
876, -228.93504, 1080.6111, 1680.7222, 2217.2278, 2660.9792
877, -777.8068, 1345.3629, 1624.9977, 2195.5425, 2533.5796
878, -269.52792, 1011.7594, 1634.1808, 2209.9724, 2562.1719
879, 43.645782, 883.9289, 1515.6635, 2094.6394, 2608.4895
880, -1277.4735, 825.19666, 1552.5029, 2181.4275, 2637.3845
881, -67.32333, 1113.4559, 1599.7192, 2158.2122, 2504.744
882, 26.586945, 815.90424, 1485.1301, 2032.7136, 2654.355
883, 40.294724, 981.77405, 1595.7002, 2126.4016, 2587.5767
884, -723.84753, 916.9602, 1466.3844, 2023.7649, 2475.559
885, -28.885345, 928.13416, 1507.1239, 2062.7483, 2435.2214
886, 0.5880127, 1064.6884, 1541.4393, 2079.8374, 2546.682
887, -76.81697, 1070.12, 1599.2661, 2142.8452, 2628.3647
888, -130.94324, 1346.6664, 1673.9773, 2163.3613, 2727.5364
889, -67.28235, 1139.57, 1619.7521, 2207.452, 2672.2954
890, -137.69902, 1107.7225, 1564.963, 2199.728, 2698.2915
891, -610.2018, 883.6164, 1542.8135, 2200.9868, 2612.699
892, 70.307465, 1174.9991, 1622.9508, 2131.7244, 2552.2
893, -557.50586, 1095.8328, 1496.141, 2024.7317, 2502.6204
894, -1290.8788, 568.6879, 1363.1345, 2028.8706, 2672.486
895, 34.38745, 980.095, 1471.8008, 2039.7073, 2452.756
896, -739.41705, 954.78394, 1517.2295, 2108.0159, 2578.2175
897, 40.82289, 1006.71814, 1605.5039, 2129.0793, 2556.8809
898, -380.2399, 1357.3239, 1669.0378, 2160.9097, 2564.362
899, -293.06366, 1347.7494, 1650.062, 2137.4155, 2585.2417
900, -178.01746, 921.96106, 1489.7158, 2049.8784, 2554.6692
901, 46.191696, 879.38837, 1499.8209, 2047.093, 2593.1543
902, -240.37784, 1011.4988, 1588.2803, 2132.014, 2525.028
903, -314.8617, 1018.04675, 1582.0492, 2074.2793, 2619.469
904, -279.99295, 1404.8849, 1720.8907, 2184.1008, 2636.3098
905, -148.94756, 1317.373, 1651.2461, 2141.1824, 2615.3904
906, -241.04462, 1186.704, 1639.4209, 2104.4548, 2565.9373
907, -43.248474, 1011.2433, 1650.3335, 2179.6084, 2685.2537
908, -507.3604, 1249.2793, 1649.0352, 2221.17, 2640.6965
909, -229.41837, 1406.3358, 1652.4363, 2231.736, 2599.967
910, -290.90643, 1507.2754, 1763.0173, 2174.9011, 2609.4648
911, 19.197708, 1633.5791, 1804.6033, 2231.524, 2587.4597
912, -188.67482, 1439.0746, 1703.8291, 2161.7847, 2549.8381
913, 84.761734, 1622.6493, 1788.4972, 2199.4692, 2696.8762
914, 146.1998, 1247.1276, 1688.1523, 2192.111, 2646.9104
915, -68.16022, 1019.3082, 1595.4248, 2182.8225, 2533.697
916, -232.89883, 1132.2107, 1563.4203, 2172.9155, 2572.4382
917, -282.32843, 870.4483, 1526.7749, 2104.1064, 2688.5234
918, -266.3529, 676.343, 1434.9474, 2110.9587, 2510.4285
919, -166.7787, 678.146, 1392.3795, 2033.685, 2499.7703
920, -610.3699, 548.0324, 1411.6971, 2144.502, 2526.9575
921, -520.2887, 1124.3047, 1563.235, 2118.917, 2682.4063
922, 49.671387, 971.2838, 1503.2535, 2058.3489, 2625.318
923, -125.42363, 1227.4938, 1649.8142, 2110.3093, 2816.4844
924, 88.91919, 1378.2512, 1726.6942, 2121.6443, 2581.971
925, -1123.5671, 1166.1364, 1551.805, 2115.6846, 2659.0945
926, -887.51764, 1151.389, 1643.9683, 2238.4058, 2611.7449
927, -255.3782, 1064.1064, 1560.5333, 2082.8682, 2533.7922
928, -149.86172, 980.99316, 1607.1436, 2143.444, 2701.654
929, -24.85012, 1006.39417, 1593.8114, 2149.3428, 2614.9412
930, 4.5697937, 951.7859, 1476.1366, 2108.0864, 2558.2537
931, -306.85077, 1378.0533, 1699.5906, 2193.0056, 2532.263
932, -610.292, 1212.132, 1543.0635, 2083.368, 2442.529
933, -786.7836, 834.44867, 1466.6875, 2011.6611, 2588.0579
934, -810.6235, 1267.3665, 1603.0607, 2027.8542, 2688.25
935, 57.067398, 474.22998, 1331.3922, 1992.3049, 2432.7283
936, 38.323044, 848.4678, 1495.6235, 2087.107, 2544.9824
937, -307.75226, 704.0011, 1427.8611, 1984.6921, 2703.4614
938, -68.127716, 903.1179, 1495.1171, 2091.211, 2508.5034
939, 25.917068, 566.15045, 1453.0822, 2123.0266, 2585.3184
940, 26.745377, 1067.8077, 1617.685, 2167.7698, 2675.7463
941, -470.03082, 789.4289, 1514.2181, 2147.1257, 2571.0486
942, 22.711823, 846.1485, 1504.1914, 2097.688, 2615.056
943, -297.32593, 976.5132, 1590.1508, 2150.2292, 2547.9675
944, 88.53203, 863.3311, 1568.9976, 2162.053, 2510.8572
945, -219.9176, 1248.5, 1679.2614, 2207.0105, 2698.3806
946, -279.09662, 1146.2438, 1548.8445, 2115.2366, 2590.5344
947, -138.93594, 796.72064, 1509.4637, 2146.7498, 2565.8254
948, 31.431717, 1359.0547, 1615.0056, 2082.815, 2459.2585
949, -654.02075, 641.6148, 1306.3162, 1911.4135, 2437.2554
950, 50.953262, 937.12354, 1471.9293, 2036.1409, 2529.3254
951, -232.16818, 882.5765, 1447.7856, 2042.6597, 2450.7886
952, -177.61455, 916.6505, 1475.0222, 2007.4817, 2504.7214
953, -678.0429, 672.21906, 1325.121, 1920.7205, 2433.0398
954, -1090.269, 874.70465, 1383.4407, 1917.3018, 2437.2554
955, -17.078163, 825.5489, 1461.8617, 2044.0342, 2632.8066
956, -96.04024, 575.5826, 1366.5737, 2029.0322, 2624.9663
957, -534.6228, 385.7379, 1232.5889, 1805.2744, 2366.8052
958, 14.713028, 449.62665, 1333.7362, 2052.0837, 2548.1145
959, 124.668045, 541.36285, 1366.7292, 1970.7996, 2497.575
960, -53.18345, 358.06335, 1272.564, 2045.3984, 2443.7917
961, -367.59625, 721.6977, 1468.414, 2123.2542, 2648.3455
962, 77.30377, 782.4456, 1423.0096, 2043.6958, 2520.2405
963, -635.89185, 905.6022, 1449.933, 2033.3257, 2524.0955
964, 167.31403, 1072.1456, 1544.8801, 2050.5808, 2664.734
965, -4.1326065, 759.9008, 1477.9061, 2128.7068, 2603.75
966, 88.47966, 983.2649, 1592.5892, 2141.7725, 2591.5896
967, -111.95982, 1266.0962, 1632.1022, 2193.8257, 2535.2285
968, -656.4982, 1239.1113, 1614.8834, 2115.9524, 2667.039
969, -270.30756, 1136.1793, 1612.9641, 2112.692, 2726.4368
970, -220.99948, 1196.6708, 1591.3395, 2160.407, 2629.7483
971, 14.45784, 1248.8334, 1625.8542, 2192.7805, 2519.8435
972, 9.088577, 1268.1738, 1671.0581, 2159.6782, 2562.4277
973, 34.336807, 996.83105, 1580.4667, 2207.002, 2618.683
974, -546.9846, 1358.9606, 1671.0931, 2158.6748, 2647.5098
975, -4.935364, 1188.2386, 1596.2668, 2195.449, 2576.5642
976, 122.54895, 910.80334, 1534.5255, 2157.1548, 2462.7878
977, -180.51102, 1314.6656, 1668.2554, 2162.0884, 2605.2734
978, 31.286636, 1130.775, 1712.3062, 2214.5105, 2644.9119
979, -610.89795, 1338.8737, 1645.9524, 2152.2678, 2650.3281
980, -41.781197, 1154.296, 1589.7191, 2165.798, 2600.6912
981, 24.782944, 693.93, 1495.2223, 2126.8247, 2485.9849
982, -640.1758, 727.30176, 1476.8257, 2104.8975, 2633.733
983, -396.0298, 1048.068, 1606.553, 2170.6333, 2630.3184
984, -554.3496, 874.5964, 1570.4502, 2205.7234, 2617.629
985, 9.5256195, 690.85236, 1464.9135, 2146.629, 2562.7537
986, 15.088455, 1107.2251, 1601.0693, 2163.0764, 2529.7927
987, 25.91211, 1292.8623, 1645.4408, 2142.7654, 2656.4685
988, -1307.5474, 1009.7361, 1561.7328, 2158.3425, 2616.6726
989, 20.505615, 1112.4899, 1593.3228, 2124.5916, 2558.8152
990, -121.90704, 863.22455, 1530.2227, 2145.7053, 2731.809
991, 48.400467, 1254.558, 1602.2189, 2157.2146, 2575.6978
992, -248.93324, 1028.5774, 1551.2058, 2087.3462, 2599.9426
993, -323.19775, 1045.4983, 1654.4332, 2235.8723, 2718.512
994, -1243.0215, 1180.4835, 1633.3707, 2154.6116, 2749.5464
995, -183.77676, 870.67975, 1534.1079, 2167.587, 2520.3918
996, -88.74601, 929.64954, 1606.9983, 2150.9338, 2550.432
997, -681.8095, 1115.3665, 1584.8984, 2183.5325, 2610.2112
998, -221.36151, 1078.6638, 1645.0609, 2193.8494, 2511.392
999, -266.7323, 965.5604, 1607.7998, 2175.4631, 2692.5837
1000, 27.965683, 1347.1139, 1720.9402, 2226.8386, 2630.6099
1001, -288.31677, 1283.9186, 1702.5603, 2244.8208, 2671.853
1002, -261.68433, 636.4754, 1560.9122, 2209.0881, 2571.6343
1003, -622.8181, 758.72894, 1503.9303, 2159.0828, 2786.0093
1004, -140.10107, 925.7616, 1538.0006, 2099.1663, 2682.773
1005, -114.67634, 760.1287, 1525.72, 2131.1023, 2516.193
1006, -77.24089, 1291.7512, 1609.3473, 2199.6821, 2616.2083
1007, -717.9208, 1622.1583, 1692.5916, 2122.9648, 2810.3665
1008, 84.56201, 1400.9861, 1778.0709, 2230.0142, 2682.0535
1009, 42.850723, 1519.4095, 1752.833, 2192.2483, 2742.359
1010, -439.44067, 1607.052, 1791.4265, 2239.5657, 2733.8574
1011, 84.98767, 1329.8158, 1696.604, 2103.8052, 2756.4917
1012, -357.7068, 1586.3123, 1784.6027, 2213.1174, 2620.8528
1013, -129.97064, 1236.6285, 1640.4493, 2247.4353, 2559.327
1014, -630.5383, 1392.1627, 1692.976, 2217.2231, 2520.201
1015, -339.3039, 1587.448, 1734.0785, 2235.1714, 2776.5974
1016, -448.28326, 1301.1223, 1647.5815, 2162.5366, 2464.5884
1017, -709.96484, 1369.9396, 1697.9117, 2274.947, 2757.8303
1018, 80.13298, 1611.4277, 1859.9218, 2239.9429, 2612.1028
1019, 103.366745, 1333.7634, 1731.7468, 2181.7063, 2747.6245
1020, -462.08456, 1572.4591, 1757.1272, 2206.9856, 2711.5623
1021, -1213.6293, 951.448, 1572.5435, 2129.2024, 2679.9292
1022, -651.5625, 1327.192, 1716.6525, 2179.3416, 2811.0083
1023, 99.68857, 1441.7357, 1733.6266, 2202.254, 2792.7166
1024, -870.228, 837.81934, 1470.3584, 2165.483, 2857.7537
1025, -347.76294, 741.55804, 1450.5955, 2085.603, 2530.173
1026, -1618.4863, 1123.07, 1603.4231, 2227.705, 2837.9075
1027, -19.364632, 989.1881, 1577.3684, 2140.4812, 2629.356
1028, -205.99924, 1146.1443, 1663.1388, 2243.977, 2875.7363
1029, 80.50508, 1573.1882, 1809.4044, 2218.0786, 2793.1848
1030, 50.201584, 1088.9187, 1637.8146, 2219.2183, 2715.0188
1031, -621.3991, 878.7462, 1603.7241, 2266.2551, 2642.816
1032, -823.7925, 594.0808, 1468.3538, 2200.6938, 2641.4968
1033, 97.377, 915.45056, 1626.7617, 2216.6267, 2796.189
1034, -35.14363, 1296.5852, 1715.6926, 2319.4272, 2866.3684
1035, -231.67639, 1420.0487, 1765.4922, 2292.0425, 2893.433
1036, -1161.2169, 1259.8956, 1687.5262, 2296.382, 2822.7053
1037, -1217.7498, 1164.7188, 1751.3969, 2305.1746, 2947.737
1038, -206.86894, 1089.3792, 1736.435, 2311.6316, 2797.2478
1039, -1725.3574, 1100.3586, 1687.07, 2290.5027, 2823.7227
1040, -1158.6548, 1180.8019, 1674.1392, 2265.6958, 2773.2886
1041, -261.9469, 951.8085, 1606.1299, 2214.0222, 2793.5774
1042, -333.40985, 713.99854, 1489.6913, 2152.3298, 2768.1804
1043, -721.1621, 1158.2445, 1640.3544, 2248.5688, 2892.5605
1044, -857.27405, 1213.5729, 1679.4031, 2274.716, 2721.9004
1045, 27.391846, 1185.034, 1640.5024, 2169.7795, 2674.9788
1046, -895.60455, 1253.3086, 1709.5331, 2242.7544, 2863.8809
1047, -954.1955, 1584.6814, 1809.2964, 2361.3418, 2823.3052
1048, -210.46109, 1010.8561, 1692.1938, 2335.562, 2792.6824
1049, -519.37256, 1430.0609, 1745.3239, 2189.0596, 2893.8303
1050, -576.4336, 1165.3707, 1622.8705, 2259.218, 2863.1418
1051, -1191.2789, 1294.4728, 1722.7485, 2370.7356, 2986.6584
1052, -150.48482, 1003.0674, 1676.2625, 2305.1365, 2736.4146
1053, -515.73303, 751.4205, 1544.4413, 2204.6155, 2892.1467
1054, 12.104752, 1223.9594, 1780.2416, 2371.5427, 2818.0247
1055, -132.4384, 1619.4181, 1907.8599, 2409.242, 2881.81
1056, -34.133125, 1431.0797, 1816.5886, 2353.6958, 2938.5327
1057, 23.122742, 1534.1259, 1805.7649, 2238.0564, 2849.423
1058, -489.57028, 523.3089, 1479.0966, 2236.486, 2891.306
1059, -1067.8525, 928.8949, 1576.494, 2244.0461, 2784.688
1060, -340.52734, 968.8707, 1665.3285, 2259.947, 2882.9592
1061, -459.30722, 1058.0758, 1661.679, 2220.2085, 2851.6965
1062, -941.314, 1120.6942, 1693.722, 2353.6868, 2823.6626
1063, 53.0829, 1195.2504, 1723.7166, 2291.65, 2970.9058
1064, -1112.7596, 1196.501, 1689.7903, 2230.0872, 2724.0708
1065, -248.06563, 1409.9885, 1736.8014, 2192.6555, 2802.0403
1066, -42.411682, 1469.17, 1850.4415, 2278.6746, 2984.7847
1067, -413.6938, 1389.8103, 1754.5911, 2214.5796, 3206.805
1068, -169.99127, 944.4425, 1680.3583, 2315.7031, 3054.8708
1069, -620.36304, 1072.2336, 1653.7063, 2363.754, 2827.009
1070, -786.5312, 1304.2621, 1732.1564, 2312.8289, 2931.3062
1071, 158.00977, 954.9105, 1621.471, 2187.3892, 2952.4517
1072, 23.297775, 826.5996, 1582.9175, 2192.5422, 2823.7117
1073, -1209.8274, 1132.2548, 1670.8265, 2227.6226, 2959.6582
1074, -300.07782, 873.0007, 1652.3875, 2317.0876, 2901.258
1075, -832.85864, 509.01166, 1437.7689, 2175.432, 2954.9087
1076, -337.78204, 1152.4347, 1656.5088, 2266.4622, 2779.226
1077, -610.98413, 1262.4211, 1660.0498, 2181.2617, 2719.6113
1078, 39.099976, 866.4408, 1544.9025, 2197.1902, 2909.6968
1079, -590.947, 1039.1426, 1650.8154, 2295.4812, 2842.4468
1080, -599.39575, 1299.2955, 1774.1489, 2353.6394, 2966.1394
1081, -1303.8152, 1011.0232, 1614.8309, 2223.6797, 2739.648
1082, -167.90218, 1352.1328, 1769.533, 2321.0933, 2956.3691
1083, 13.34581, 1047.2448, 1655.9257, 2288.6956, 2793.7522
1084, -949.82043, 1118.0387, 1667.737, 2354.478, 2959.1743
1085, -268.60516, 1257.747, 1765.0726, 2335.1177, 2881.281
1086, -614.31647, 891.9576, 1613.0876, 2312.5024, 2975.2485
1087, -1074.4373, 928.7782, 1627.1268, 2357.584, 2894.084
1088, 66.98328, 942.9175, 1701.8359, 2384.631, 2893.097
1089, -1475.1317, 1249.2324, 1721.8325, 2365.6296, 2849.826
1090, -205.78107, 1022.01843, 1667.7819, 2328.6472, 2726.825
1091, -185.54796, 1467.6561, 1840.3914, 2419.3606, 2947.2615
1092, -69.62698, 1174.2909, 1755.3191, 2324.6033, 2935.8542
1093, -401.8505, 1027.9124, 1649.197, 2251.553, 3071.4185
1094, -863.0484, 661.4249, 1527.3999, 2200.1975, 2932.323
1095, -381.65656, 925.2815, 1602.5793, 2196.7805, 2959.473
1096, -387.30844, 1146.2646, 1638.9939, 2254.951, 2792.4414
1097, -242.73984, 878.0122, 1628.5587, 2318.395, 2730.5132
1098, -1054.0779, 714.21356, 1529.6221, 2269.6504, 3043.5933
1099, -1697.2051, 1492.4609, 1744.6616, 2403.6096, 2953.8804
1100, -539.3342, 1488.6194, 1792.9092, 2328.557, 2839.9587
1101, -987.9561, 1639.8236, 1838.9237, 2353.0093, 2759.1245
1102, -884.6743, 1308.9291, 1774.9962, 2369.3577, 2796.1172
1103, -91.60089, 1414.8176, 1765.9135, 2255.4617, 2927.191
1104, -511.80292, 1265.0634, 1678.1064, 2231.5442, 3166.9006
1105, -578.2185, 1208.2035, 1723.2072, 2234.9688, 2814.5786
1106, -287.997, 1372.5454, 1772.0809, 2354.7249, 2866.8442
1107, -199.91145, 1386.9027, 1730.2422, 2303.0835, 2835.1946
1108, -1688.3184, 565.9952, 1462.5342, 2198.7449, 2787.089
1109, -684.7443, 743.721, 1679.4761, 2353.5974, 2834.7039
1110, -246.50476, 1171.2557, 1706.2407, 2351.0642, 2746.1816
1111, -888.9167, 1046.9315, 1698.723, 2329.8555, 2678.8945
1112, 69.89644, 1273.4564, 1760.4702, 2256.5193, 2735.4758
1113, -167.07925, 1395.2429, 1752.6897, 2275.0588, 2696.218
1114, -726.1711, 929.0758, 1612.9639, 2278.8672, 2825.0366
1115, -241.32182, 1125.7386, 1689.152, 2299.5916, 2790.4316
1116, -1076.4169, 802.94867, 1579.1836, 2256.2222, 2871.436
1117, -40.366295, 1252.1794, 1771.5817, 2389.5183, 2949.737
1118, -480.40143, 1003.3086, 1672.2616, 2315.2192, 2851.9473
1119, 108.23366, 1689.7521, 1914.0122, 2379.3083, 2973.6804
1120, -529.02673, 1159.6077, 1663.626, 2306.0938, 2781.4534
1121, 17.261826, 1485.1925, 1828.1038, 2294.5261, 2961.5864
1122, -1160.7538, 1496.5356, 1765.2775, 2249.7273, 2879.8997
1123, -295.8463, 1120.8043, 1636.1127, 2299.9934, 2990.1326
1124, -637.46533, 913.0082, 1607.2227, 2210.299, 2813.0125
1125, -1297.789, 1208.2247, 1645.2173, 2247.1968, 2877.3848
1126, -1171.5525, 555.6699, 1477.3181, 2332.2793, 2762.2534
1127, -484.1084, 1171.0492, 1665.6786, 2328.7085, 2787.1094
1128, -361.07477, 759.5313, 1606.1564, 2264.4084, 2708.697
1129, -400.09528, 825.6309, 1613.8569, 2303.5464, 2914.6501
1130, -856.1182, 681.5096, 1507.7539, 2219.4114, 2999.854
1131, 11.78064, 772.53314, 1615.6384, 2255.9458, 2847.5835
1132, -569.2108, 1029.1136, 1679.7979, 2206.7366, 2857.2085
1133, -1115.583, 1363.2502, 1747.6012, 2403.262, 2933.1345
1134, -420.9773, 1117.5957, 1641.463, 2314.0813, 2820.4429
1135, -600.2635, 1265.6222, 1724.6305, 2307.7024, 2936.0452
1136, -669.8961, 963.09546, 1664.7306, 2226.1682, 2822.1016
1137, -562.88855, 972.8751, 1610.823, 2362.2095, 2887.453
1138, -509.43896, 755.01605, 1474.9469, 2146.8455, 2648.2192
1139, -1509.9911, 701.31213, 1501.274, 2266.7131, 2809.9585
1140, -1368.6101, 507.7149, 1372.6779, 2192.9875, 2633.967
1141, -1145.5254, 671.99005, 1462.0778, 2170.4805, 2691.0938
1142, -384.9186, 732.0729, 1560.2454, 2204.2178, 2757.6206
1143, -581.9298, 747.96906, 1542.698, 2247.4758, 2881.8367
1144, -349.06897, 779.1891, 1484.3359, 2094.8643, 2872.359
1145, -355.2646, 683.6364, 1536.5575, 2238.8457, 2743.9258
1146, -108.7707, 874.7762, 1611.6534, 2250.9004, 2910.533
1147, -126.115875, 1285.7731, 1788.4988, 2431.6665, 2976.1567
1148, -828.8734, 1168.5587, 1708.0398, 2311.5112, 2745.2424
1149, -1554.2803, 1229.5844, 1728.8503, 2370.5728, 2845.0132
1150, -813.7728, 1063.9701, 1643.1311, 2281.7263, 2972.9985
1151, -1432.6875, 1292.3949, 1781.5145, 2309.0544, 2716.1707
1152, -553.62524, 1000.5359, 1655.2959, 2324.161, 2766.6921
1153, -1198.5453, 614.6601, 1519.5614, 2369.6335, 2799.898
1154, -46.041283, 956.25745, 1589.6293, 2201.0117, 3005.8853
1155, -789.24817, 809.9446, 1618.1193, 2278.235, 2960.2517
1156, -579.18475, 1219.8438, 1671.0238, 2281.309, 2989.953
1157, -319.87833, 1235.6481, 1680.9006, 2267.592, 2671.561
1158, -1436.0463, 648.1431, 1474.937, 2204.0168, 3015.0857
1159, -1284.4823, 813.39453, 1501.9832, 2160.0984, 3117.1472
1160, -1059.9775, 678.4159, 1461.8048, 2213.5747, 2707.053
1161, -1177.6051, 629.08466, 1443.8903, 2231.7031, 2779.2048
1162, -1155.7057, 1183.8391, 1641.5798, 2183.5085, 2785.5354
1163, -1399.3212, 786.69904, 1563.4198, 2310.3892, 3083.1492
1164, -1714.6973, 774.57477, 1478.741, 2205.1943, 2691.9949
1165, -1337.1316, 736.93695, 1532.6779, 2271.3616, 2807.402
1166, -547.636, 1183.3019, 1691.8636, 2350.0552, 3006.6235
1167, -1009.06445, 1019.11597, 1626.4708, 2354.5955, 2856.0188
1168, -1176.1787, 1534.0802, 1808.9275, 2378.6277, 2923.834
1169, -617.9546, 1558.3373, 1820.4698, 2366.0508, 2793.5828
1170, -986.2773, 1465.6162, 1810.5029, 2414.5176, 2820.103
1171, -165.31015, 1506.5588, 1843.7373, 2351.2813, 2864.871
1172, -212.09149, 1469.0862, 1811.7164, 2359.183, 2734.9006
1173, -232.84814, 962.7228, 1657.2407, 2279.7312, 2777.4968
1174, -1039.4045, 1357.8931, 1779.6809, 2399.5464, 2804.8281
1175, 4.6992645, 1083.4615, 1759.648, 2325.037, 2832.4045
1176, 70.705215, 1446.2272, 1845.9475, 2362.5579, 2971.652
1177, 121.94826, 1127.9794, 1794.9893, 2391.9866, 2921.9976
1178, -1233.9056, 823.8877, 1631.9923, 2342.2578, 2907.453
1179, -790.171, 1184.0686, 1711.7585, 2317.3354, 2898.1277
1180, -963.9535, 1480.0619, 1796.5961, 2337.387, 2912.5916
1181, -551.36804, 1330.378, 1811.138, 2416.0125, 2999.5078
1182, -21.54956, 1243.5192, 1830.6477, 2407.3699, 2962.9937
1183, -170.00726, 1520.4425, 1977.5039, 2535.6853, 2886.3972
1184, 100.13965, 1630.9756, 1925.2446, 2475.0417, 2897.104
1185, -13.6289215, 1670.4417, 2044.5189, 2550.6099, 3094.7114
1186, 53.518494, 1699.0544, 1979.7173, 2462.0945, 3084.5325
1187, 24.555405, 1732.7175, 2023.6243, 2483.6128, 3036.644
1188, -120.27039, 1295.7797, 1786.478, 2366.5176, 2865.6577
1189, 104.08392, 1048.2449, 1756.2886, 2383.591, 3033.8464
1190, -977.46136, 1055.2336, 1675.244, 2417.2422, 3027.2075
1191, 74.56026, 1355.4708, 1813.2377, 2462.0862, 3054.068
1192, 195.06332, 1747.6462, 1964.5815, 2409.6423, 2929.1145
1193, -564.9047, 1306.6772, 1825.5522, 2388.7302, 2929.3965
1194, -696.5604, 1007.0453, 1640.7004, 2190.5818, 2940.725
1195, -1244.6313, 796.3773, 1502.351, 2268.7813, 2750.7498
1196, -1371.0421, 681.11383, 1486.0681, 2285.49, 3022.9604
1197, 60.070313, 837.2702, 1613.2266, 2265.7483, 2873.5508
1198, -510.56616, 954.0574, 1712.5964, 2345.4453, 2897.3455
1199, -1035.7124, 995.6598, 1648.5376, 2296.2888, 2890.614
1200, -252.51282, 1142.8821, 1713.6793, 2318.022, 2944.3372
1201, -1381.6627, 1302.3549, 1732.5415, 2314.184, 3018.8628
1202, -605.44885, 1269.1827, 1674.4072, 2315.3325, 2866.6907
1203, 99.53865, 1544.5629, 1859.4971, 2460.3293, 2798.9058
1204, -412.19937, 1147.6633, 1734.8309, 2308.3477, 2879.01
1205, 250.6586, 1332.3021, 1865.6205, 2361.7292, 2886.5417
1206, -514.21594, 972.1881, 1633.4801, 2249.7913, 2782.5493
1207, -311.01294, 1343.2374, 1790.9371, 2362.811, 3104.5344
1208, -331.23892, 1394.5216, 1809.2594, 2443.7515, 3141.297
1209, -600.76013, 961.5331, 1761.4727, 2398.897, 2863
1210, -1190.607, 1009.3119, 1740.6371, 2382.0508, 2888.2102
1211, -33.68905, 1587.0869, 1897.6798, 2370.4058, 2892.2556
1212, -1229.7084, 1339.745, 1756.7202, 2411.6262, 2825.916
1213, 124.49957, 1005.4685, 1737.1001, 2364.7668, 2891.2163
1214, -185.91376, 1073.0619, 1706.3839, 2334.0474, 2973.3284
1215, -1217.1575, 700.3886, 1634.2466, 2316.8274, 2863.3315
1216, -930.18256, 1225.0892, 1770.0105, 2459.6882, 2931.3599
1217, -523.5847, 1418.9006, 1865.7681, 2425.9097, 3121.9253
1218, 10.1449585, 1046.5809, 1709.9862, 2343.112, 2892.6675
1219, -1437.8248, 1155.2021, 1730.6882, 2352.7095, 2873.6501
1220, -106.428215, 1370.7151, 1838.318, 2400.6292, 2905.0251
1221, -182.15671, 1204.3663, 1809.529, 2365.6438, 2910.2244
1222, -951.0698, 718.5194, 1643.7103, 2392.4075, 3014.7341
1223, -1027.6771, 1218.6996, 1764.7133, 2366.821, 2975.4983
1224, -468.80557, 1216.4001, 1705.7568, 2348.7107, 2781.7805
1225, -1182.3124, 1341.1067, 1762.6986, 2384.4592, 2818.621
1226, 59.051956, 1042.1105, 1659.664, 2265.209, 3050.2175
1227, -528.82117, 1383.3557, 1746.2197, 2289.312, 2920.2422
1228, -201.99908, 1186.5497, 1672.3894, 2275.3816, 2808.177
1229, 61.759567, 1177.6573, 1709.5333, 2219.8113, 2857.2117
1230, -1358.6045, 831.35254, 1575.4078, 2337.3997, 2902.7854
1231, 24.82257, 1352.086, 1800.953, 2393.2083, 2965.3071
1232, -1213.4856, 1076.9713, 1725.9335, 2303.2505, 2930.976
1233, 12.04155, 1260.4386, 1716.8353, 2282.5305, 2811.0095
1234, -1305.2156, 1301.7225, 1724.1295, 2313.9875, 2829.0854
1235, -298.9662, 1340.4333, 1728.7286, 2304.9849, 2749.0227
1236, -1204.2305, 1345.3751, 1825.1205, 2418.584, 3053.271
1237, 40.41719, 1517.1565, 1856.3799, 2395.94, 3000.3372
1238, -184.58298, 1020.74744, 1779.3108, 2405.807, 3045.5273
1239, -1648.5802, 1026.5421, 1680.1017, 2273.843, 2886.791
1240, -452.99142, 1137.7299, 1794.4117, 2391.8535, 2851.8972
1241, -1388.0245, 1461.2122, 1808.8992, 2383.045, 2977.5369
1242, -1200.9828, 1092.7205, 1729.8856, 2362.3665, 3001.9414
1243, 40.72371, 1331.2135, 1772.445, 2403.934, 2986.6018
1244, -722.4637, 992.8989, 1679.019, 2365.6135, 2953.439
1245, 69.09253, 1288.7515, 1741.4695, 2293.6038, 3140.8484
1246, -780.3265, 963.0912, 1636.5585, 2354.4978, 2789.7456
1247, -818.798, 1299.765, 1784.7379, 2333.567, 2775.869
1248, -6.2810745, 1427.622, 1771.1472, 2396.689, 3116.9063
1249, -507.4846, 923.2147, 1620.8386, 2281.0059, 2759.449
1250, -1343.073, 1455.2911, 1779.7351, 2268.2122, 2910.8496
1251, -1048.6531, 640.6818, 1437.5558, 2152.2847, 2842.3162
1252, -1067.8915, 851.22253, 1527.1256, 2323.832, 2916.8733
1253, -1115.2048, 1104.0482, 1648.3813, 2304.039, 2920.724
1254, -307.59338, 935.2567, 1627.4418, 2196.3562, 2992.5522
1255, -877.5831, 713.33234, 1593.3359, 2344.1624, 2870.7778
1256, -1326.5807, 1293.6176, 1694.4865, 2325.9604, 2906.3015
1257, -788.0228, 1007.47754, 1691.8693, 2338.0232, 2978.8132
1258, -439.6801, 1032.2029, 1778.0603, 2421.4546, 3041.8633
1259, -1368.7521, 1026.917, 1721.5328, 2482.2556, 3022.674
1260, 40.15164, 1127.2076, 1712.0697, 2305.0444, 2953.1199
1261, -481.58807, 878.0911, 1611.1, 2283.8374, 3113.5034
1262, -871.1165, 779.4369, 1653.7249, 2358.3875, 2933.7397
1263, -331.19308, 1350.1858, 1826.5481, 2421.1465, 2811.2778
1264, -1213.0696, 1371.5881, 1764.5442, 2380.2244, 2913.838
1265, -1661.4757, 1406.6493, 1766.4282, 2412.9592, 2955.9084
1266, -1862.2881, 934.04395, 1633.4102, 2377.9922, 2877.174
1267, 124.65576, 1074.2382, 1659.2306, 2176.029, 2830.1248
1268, -1224.1051, 699.6724, 1592.9286, 2291.4878, 2967.5461
1269, 56.96544, 1176.204, 1731.7953, 2328.0046, 2822.3398
1270, -451.33456, 1102.0345, 1731.5255, 2305.3586, 2999.8455
1271, -487.67874, 881.3105, 1577.9683, 2276.9338, 2842.6016
1272, -347.2813, 1125.9679, 1630.1713, 2192.3494, 2892.8901
1273, -192.45584, 773.84503, 1484.7323, 2140.7202, 2880.9758
1274, -1899.8239, 579.83417, 1437.338, 2103.1716, 2938.8167
1275, -1453.3201, 613.59424, 1423.6697, 2232.0505, 2981.8494
1276, -1448.6404, 577.1705, 1503.9786, 2205.2107, 2863.155
1277, -1207.1882, 720.19073, 1443.7689, 2218.852, 2758.2593
1278, -557.68066, 1035.057, 1624.418, 2247.3298, 2957.3752
1279, -1144.0171, 921.3718, 1575.3275, 2254.952, 2900.679
1280, -1075.2476, 530.7057, 1456.0917, 2227.1685, 2761.9312
1281, -937.4704, 634.3447, 1543.424, 2346.1401, 3051.267
1282, -1494.5977, 1026.9056, 1584.9764, 2197.3284, 2859.614
1283, -366.72784, 864.1252, 1627.0258, 2301.1294, 2945.922
1284, -383.66736, 822.9996, 1594.0192, 2238.8616, 2918.746
1285, -418.38635, 1017.89124, 1585.6954, 2201.332, 2899.0012
1286, -530.3606, 857.7788, 1547.3625, 2186.6323, 2890.0918
1287, -1270.006, 770.7206, 1421.1324, 2100.1094, 2783.1626
1288, -1520.0946, 357.88882, 1278.2308, 2041.2078, 2789.3599
1289, 73.73689, 697.92957, 1366.5007, 2075.559, 2783.3303
1290, -706.19574, 517.69525, 1324.9441, 2042.228, 2799.4128
1291, -1911.3314, 674.74615, 1466.004, 2184.1958, 2761.0159
1292, -490.17358, 795.46063, 1488.953, 2180.095, 2679.5688
1293, -538.1775, 1174.2787, 1597.0039, 2121.254, 3016.5237
1294, -1095.0928, 947.5437, 1550.1674, 2255.6328, 2837.818
1295, -821.1828, 1122.0665, 1660.0055, 2305.1365, 2657.3875
1296, -970.82776, 765.9261, 1499.11, 2078.533, 2891.4207
1297, -567.0304, 478.48273, 1388.932, 2071.0024, 2724.9922
1298, -1442.9983, 783.7368, 1478.6637, 2162.2285, 2921.5872
1299, -832.91266, 1026.0969, 1575.9413, 2227.803, 2751.819
1300, -854.20197, 773.28705, 1556.4504, 2170.8035, 2819.32
1301, -1148.0669, 1474.8739, 1720.1373, 2279.2097, 2875.8296
1302, -1332.3822, 611.24414, 1496.0728, 2261.0388, 2761.0159
1303, -1296.5796, 787.6872, 1571.7722, 2187.5735, 2801.0486
1304, -1039.5642, 864.6412, 1577.6525, 2242.7332, 2869.6147
1305, -382.08575, 738.63885, 1563.208, 2265.403, 2891.673
1306, -837.65204, 1078.2325, 1633.9594, 2254.3477, 2827.2883
1307, 3.0830994, 789.3815, 1553.5732, 2243.1804, 2780.9297
1308, -219.35056, 706.93756, 1629.3593, 2324.2993, 2848.4185
1309, -281.0716, 926.7334, 1616.2585, 2222.3967, 2856.2856
1310, -58.563072, 998.09143, 1569.2599, 2187.383, 2790.0652
1311, -540.2844, 780.75946, 1425.6274, 2037.7046, 2873.8972
1312, -301.15625, 604.52386, 1522.7903, 2159.6802, 2815.855
1313, -475.5371, 1044.4843, 1620.4055, 2293.4902, 2928.8052
1314, -1513.7042, 779.40356, 1588.6008, 2241.9304, 2940.5776
1315, -981.60504, 1463.9291, 1715.9928, 2174.7732, 2864.4744
1316, 88.612564, 1349.1395, 1784.1364, 2308.5227, 2935.08
1317, -463.04724, 958.3164, 1716.328, 2427.3809, 3013.3616
1318, -213.0871, 1281.9215, 1820.0854, 2398.4207, 3048.4897
1319, -32.17784, 1086.1068, 1704.7998, 2316.427, 2825.469
1320, -405.0643, 864.7546, 1626.423, 2348.033, 2844.293
1321, -820.85205, 1161.7882, 1706.0088, 2358.7534, 2912.9429
1322, -285.72437, 994.5381, 1652.2004, 2313.3455, 2927.1113
1323, -262.69955, 1250.416, 1736.228, 2236.403, 2922.2378
1324, -241.55371, 1242.4894, 1748.0999, 2359.826, 2916.9165
1325, -94.65487, 1121.2103, 1696.6282, 2356.7363, 2756.3923
1326, 110.54202, 1055.7352, 1663.4539, 2254.9, 2960.9731
1327, 40.488937, 1060.7617, 1693.7595, 2362.4207, 2851.8535
1328, -344.50974, 1310.5103, 1694.6505, 2261.967, 2759.5403
1329, -873.6953, 873.767, 1625.0206, 2292.6714, 3014.821
1330, -1063.9742, 712.9091, 1545.0458, 2331.3054, 2833.1235
1331, -349.64108, 1018.97485, 1610.8905, 2315.6226, 2832.0764
1332, -196.08652, 1051.4592, 1603.1362, 2278.5344, 2882.8215
1333, 33.54677, 1015.42664, 1696.7583, 2386.657, 2893.056
1334, -1337.4061, 930.0896, 1622.3036, 2317.0786, 2827.8162
1335, -49.222168, 1427.3529, 1792.2422, 2321.5837, 2767.9597
1336, -307.78296, 1141.5116, 1723.4889, 2266.0515, 2789.0403
1337, -397.74878, 1444.222, 1845.8995, 2418.277, 2943.9016
1338, 84.58235, 1235.2152, 1722.102, 2265.4648, 2783.141
1339, -488.81744, 935.93726, 1614.4315, 2197.6042, 2791.6223
1340, 109.77519, 1067.2014, 1702.5112, 2264.6418, 2850.0183
1341, -462.0396, 1570.329, 1813.3389, 2307.468, 2676.1711
1342, -403.87802, 1575.0984, 1811.9775, 2317.56, 2956.6887
1343, -672.6675, 1097.4119, 1595.7645, 2187.854, 2649.0134
1344, -385.43317, 766.9111, 1579.8428, 2204.5242, 2813.3347
1345, -438.00784, 930.2942, 1611.115, 2140.7327, 2894.217
1346, -1159.5803, 710.4442, 1531.4907, 2222.3855, 2798.4832
1347, -74.3526, 1289.0977, 1735.071, 2363.1563, 2788.7913
1348, -1103.4447, 1233.778, 1783.9407, 2347.3672, 2862.3655
1349, -196.21272, 1081.0836, 1714.3154, 2325.4668, 2930.9915
1350, -524.81116, 1269.0641, 1721.3148, 2318.4524, 2852.0117
1351, -1304.0336, 1591.8903, 1697.1288, 2254.4866, 2589.7195
1352, -375.5545, 779.55164, 1550.8093, 2253.2344, 2808.0344
1353, -298.69763, 1038.8611, 1632.6428, 2255.3594, 2739.6267
1354, -484.46875, 698.14233, 1648.1138, 2318.0286, 3087.8386
1355, 39.010086, 980.9153, 1744.7797, 2405.5522, 2815.264
1356, 34.617706, 1385.628, 1832.7645, 2365.3645, 2802.9497
1357, -828.9107, 1194.552, 1695.3983, 2355.97, 2925.49
1358, -258.02496, 1358.4143, 1825.9005, 2438.431, 2957.7205
1359, 89.50154, 1181.5885, 1734.6101, 2354.799, 3097.805
1360, -247.921, 1427.9204, 1792.5073, 2358.315, 2868.8784
1361, -362.82095, 937.6588, 1720.513, 2311.412, 2937.4468
1362, -741.5346, 1030.8618, 1668.6726, 2329.4153, 2932.3748
1363, -457.44266, 967.84766, 1601.548, 2316.39, 2824.7732
1364, -1069.5613, 1603.0233, 1829.0127, 2306.826, 3002.8613
1365, -972.0812, 1519.6865, 1805.1758, 2366.3733, 3064.629
1366, -51.207214, 905.4463, 1639.3215, 2231.364, 2818.2183
1367, -240.50018, 1351.8622, 1718.8573, 2313.602, 2913.4568
1368, -49.604767, 1094.6249, 1647.0088, 2281.7598, 2887.8918
1369, -1542.55, 1121.9744, 1684.701, 2291.8984, 2680.8267
1370, -20.977486, 1196.6422, 1721.9435, 2319.4258, 2805.4148
1371, -1286.2427, 1303.9824, 1721.4385, 2298.138, 2907.5032
1372, -563.3119, 435.9685, 1424.823, 2276.7969, 2763.4587
1373, 58.464478, 1169.0997, 1757.5642, 2365.6694, 2939.619
1374, -1302.9353, 1085.8593, 1586.3539, 2218.184, 2785.3884
1375, -1366.1859, 845.42194, 1539.4917, 2200.9421, 2814.6543
1376, -1871.1354, 505.98883, 1466.7926, 2289.041, 2912.5134
1377, -1723.0859, 1055.7611, 1598.145, 2267.068, 2692.1821
1378, -1361.653, 945.1809, 1597.7333, 2288.2642, 2768.651
1379, -528.791, 922.1024, 1597.7046, 2215.4866, 2776.9778
1380, -633.8641, 931.5707, 1667.778, 2293.5464, 2899.6125
1381, -1337.4362, 1003.63074, 1649.7786, 2247.3308, 3016.136
1382, 115.43269, 1231.8463, 1731.2059, 2255.021, 2901.263
1383, -877.7668, 1070.2395, 1819.0096, 2373.7378, 2977.8774
1384, 25.307755, 922.52954, 1681.2097, 2378.568, 2819.8298
1385, -407.47696, 1258.3527, 1829.434, 2358.2988, 3028.8848
1386, 59.30365, 1641.4786, 1890.802, 2440.477, 3041.2266
1387, -511.2165, 878.8216, 1661.6335, 2342.5195, 3008.7617
1388, -895.99133, 1248.1582, 1765.5743, 2374.9634, 2988.4634
1389, -1485.4531, 889.53796, 1711.4312, 2374.5867, 2994.4165
1390, -78.75072, 1179.8625, 1824.5294, 2460.3247, 3088.8027
1391, -670.2736, 1189.3541, 1797.0247, 2357.2708, 2777.113
1392, -89.56739, 1089.9618, 1753.6757, 2392.6755, 2963.2039
1393, -218.15878, 559.23553, 1488.7417, 2194.7917, 2853.509
1394, -185.02779, 1076.9594, 1689.0933, 2360.8784, 2960.1619
1395, -482.06564, 1482.4003, 1780.3025, 2284.114, 2873.5466
1396, -510.18262, 847.54443, 1622.0889, 2323.1804, 2753.7593
1397, -598.7793, 869.5252, 1563.472, 2177.4944, 2852.715
1398, -374.20334, 633.4094, 1505.2333, 2206.5972, 2807.416
1399, -1237.6229, 678.2365, 1477.634, 2248.7422, 2990.2847
1400, -22.084831, 903.10364, 1514.7749, 2145.3367, 2725.3167
1401, -8.199287, 1071.828, 1641.6401, 2245.6013, 2995.365
1402, -1662.8939, 842.18677, 1561.5336, 2337.211, 2986.8425
1403, -680.5247, 980.69946, 1657.7903, 2345.2346, 2844.5833
1404, -600.8027, 1238.9688, 1813.0256, 2427.3262, 2872.8452
1405, -323.59137, 1320.6965, 1867.0231, 2446.4868, 3001.7847
1406, -733.96185, 1348.302, 1793.0111, 2393.3237, 2877.5627
1407, -1873.2167, 1183.0941, 1771.1963, 2368.7988, 2793.1702
1408, -571.42334, 1337.6467, 1743.3633, 2350.2324, 2998.571
1409, -310.2248, 1132.4442, 1690.2223, 2325.4888, 2979.1746
1410, -622.0455, 1327.5399, 1790.4148, 2379.0369, 2788.3433
1411, -1031.9177, 1171.7906, 1786.764, 2369.653, 2795.8171
1412, -880.0956, 930.1398, 1706.7805, 2348.6204, 2958.9966
1413, -241.13464, 1049.9719, 1757.6964, 2355.5874, 3015.0366
1414, -177.14545, 979.2384, 1617.4825, 2302.277, 3069.6108
1415, 77.261856, 1045.4102, 1712.1779, 2243.9778, 2717.2375
1416, -328.2002, 1243.6049, 1682.0288, 2327.5125, 3006.2917
1417, -429.61777, 1035.5607, 1669.1891, 2266.862, 2836.073
1418, -283.48636, 988.4072, 1651.77, 2323.7573, 2897.412
1419, 89.89636, 1203.65, 1720.5039, 2332.2156, 2830.0781
1420, 75.62132, 1469.4844, 1862.0192, 2433.0964, 3001.3562
1421, 89.44629, 1512.1589, 1886.4261, 2413.7637, 3039.8455
1422, -344.87643, 1463.2032, 1824.3098, 2450.0925, 2893.852
1423, -118.3153, 1406.6976, 1820.7397, 2375.6228, 3080.0037
1424, -534.35645, 1385.1066, 1852.5614, 2503.8484, 2865.1106
1425, 3.567154, 1405.9008, 1838.7809, 2344.3074, 2950.8306
1426, -27.52732, 1421.6178, 1852.516, 2457.8772, 2944.6797
1427, -367.53674, 763.53766, 1598.4753, 2296.8296, 2835.1265
1428, -501.48972, 1277.6779, 1681.5106, 2224.8247, 2932.5793
1429, -499.35416, 978.4359, 1657.1836, 2305.9373, 2954.937
1430, -699.3156, 1188.3318, 1705.4039, 2256.5532, 3069.1597
1431, -160.53922, 1081.7604, 1619.8947, 2275.5645, 3123.8499
1432, -198.1033, 813.04596, 1579.706, 2298.4382, 3042.5535
1433, 69.743546, 1637.9628, 1945.6368, 2373.5317, 2955.6401
1434, -162.98831, 1530.8705, 1876.1857, 2372.9475, 2988.4978
1435, 30.479462, 1259.4706, 1717.8358, 2326.365, 3085.363
1436, -518.1371, 1457.752, 1863.7551, 2386.1655, 2989.6206
1437, -153.94682, 1248.5569, 1754.4955, 2327.119, 3015.146
1438, -367.41443, 1156.4552, 1776.2397, 2447.9783, 3010.2156
1439, -342.0442, 1152.8347, 1735.1499, 2295.3853, 2917.6584
1440, -164.27011, 1209.8356, 1822.8109, 2505.9766, 3124.5574
1441, -516.7517, 1402.9327, 1820.6797, 2457.1252, 2977.3833
1442, -109.119064, 1396.0647, 1842.0184, 2393.9534, 2958.1833
1443, -100.41368, 1310.0172, 1823.0132, 2429.7813, 3009.1213
1444, -787.27997, 1711.1025, 1911.1903, 2419.2544, 2921.39
1445, -255.94864, 1652.7621, 1918.9684, 2418.0735, 2964.4167
1446, -117.83267, 1146.5808, 1770.3829, 2402.7856, 2965.2395
1447, -1423.4913, 1297.5256, 1774.0541, 2373.0593, 3148.375
1448, -553.155, 1536.8022, 1843.7842, 2420.8372, 2887.3743
1449, -32.918945, 977.4154, 1696.3064, 2372.097, 3166.4739
1450, -178.09119, 1179.795, 1751.19, 2358.3777, 2924.5085
1451, 26.856522, 1191.1991, 1786.6819, 2403.9097, 2877.7188
1452, 23.061325, 1263.7158, 1812.7568, 2445.1794, 3037.0034
1453, -239.1991, 1275.9548, 1892.7842, 2484.9849, 2964.9277
1454, -109.476944, 1700.2379, 2001.3601, 2455.843, 2920.4863
1455, -116.369415, 1108.3121, 1804.7523, 2447.3901, 3012.6711
1456, -525.4874, 1249.6549, 1773.165, 2398.0933, 2998.4067
1457, -762.8916, 1345.8549, 1758.9291, 2321.5164, 2745.4233
1458, -2.8798294, 1248.5424, 1784.2172, 2373.9197, 2804.4749
1459, -287.55554, 1279.9474, 1736.1735, 2312.1633, 2928.1929
1460, -342.15015, 1055.0868, 1800.9385, 2362.2886, 2959.7578
1461, -252.345, 919.4015, 1735.33, 2409.0881, 2962.4592
1462, -258.1753, 943.40173, 1703.21, 2363.743, 3024.8833
1463, -947.74615, 1367.2223, 1771.7407, 2413.0764, 2930.5408
1464, -399.74063, 1168.404, 1708.9078, 2292.0527, 3115.5256
1465, -306.05786, 1066.2256, 1728.3768, 2389.0906, 2915.815
1466, -133.8543, 1138.2366, 1744.685, 2345.3157, 2922.1406
1467, 111.94371, 925.4596, 1700.9058, 2328.588, 2727.104
1468, -281.2296, 1369.5912, 1849.0313, 2342.9778, 2878.5715
1469, -242.18707, 1567.3215, 1861.6289, 2385.8125, 3021.4998
1470, -186.30742, 1653.7955, 1833.7948, 2269.0203, 2917.856
1471, -148.2181, 1274.7672, 1776.8125, 2365.9338, 2892.0007
1472, -953.76495, 1529.9838, 1873.7231, 2454.3064, 2961.7346
1473, -316.52148, 1023.7014, 1624.861, 2230.1228, 2922.7112
1474, -992.7532, 857.80035, 1579.0563, 2303.34, 2856.8464
1475, -839.6544, 529.7419, 1448.5244, 2259.1858, 2933.1218
1476, -72.590256, 858.21875, 1649.0624, 2357.6997, 2835.466
1477, -283.86172, 1079.7523, 1662.8059, 2329.3088, 2908.0237
1478, -651.51874, 919.40845, 1609.8994, 2286.8926, 2838.903
1479, -291.52676, 1180.8076, 1740.5944, 2285.6152, 2808.666
1480, -492.72974, 1375.0707, 1818.9243, 2474.2283, 2829.4556
1481, 12.18483, 1356.8777, 1794.1466, 2313.941, 2982.6245
1482, 45.26758, 1091.1124, 1625.3225, 2292.2405, 2854.0696
1483, 64.30942, 917.9048, 1691.568, 2299.5251, 2819.6008
1484, -314.73877, 1148.2844, 1707.4614, 2254.4001, 2808.8413
1485, -79.596245, 973.98425, 1570.2181, 2230.0964, 2946.4958
1486, 61.455032, 1078.6107, 1561.6451, 2175.2747, 3023.4272
1487, -596.5571, 1185.4536, 1663.763, 2294.8364, 2861.297
1488, -613.3872, 1070.201, 1611.053, 2199.1946, 2665.58
1489, -184.10548, 691.6071, 1462.2222, 2174.9985, 2818.5862
1490, 6.530121, 1276.7794, 1639.2473, 2262.6934, 2858.8728
1491, -74.58273, 1257.7473, 1666.21, 2265.0613, 3120.8364
1492, -1106.8896, 436.75824, 1359.1167, 2136.1033, 2996.9587
1493, -683.26044, 693.55225, 1563.4888, 2295.8516, 2870.4817
1494, -18.88977, 834.3199, 1604.8756, 2295.0786, 2894.6663
1495, -158.572, 1081.5051, 1718.5105, 2354.1145, 3086.7222
1496, -285.49142, 1577.7244, 1876.4895, 2440.645, 3041.9612
1497, -625.08594, 997.60547, 1708.2241, 2313.1897, 2818.3164
1498, -63.35618, 1299.2557, 1753.2443, 2338.9275, 3053.0383
1499, -1217.2825, 1197.6979, 1744.4932, 2332.5034, 2846.4985
1500, -593.65045, 1469.6198, 1856.9421, 2377.049, 3060.5571
